id_img,label
10052,sad
10065,sad
10079,surprise
10095,sad
10121,sad
10148,sad
10163,sad
10215,sad
1024,neutral
10286,neutral
10315,surprise
10336,sad
10338,surprise
10371,sad
10382,sad
10399,sad
10415,neutral
10426,sad
10551,sad
10554,sad
10583,neutral
10699,sad
10702,sad
1071,neutral
10743,sad
10746,sad
10818,neutral
10823,neutral
10825,sad
10839,sad
10854,sad
10970,sad
11002,neutral
11017,sad
11024,sad
11028,sad
1106,surprise
11075,neutral
11093,sad
11096,sad
11158,neutral
11169,neutral
11186,sad
11188,sad
11200,sad
1124,sad
11266,angry
1127,neutral
11337,sad
11342,sad
11400,sad
11421,sad
11467,neutral
11561,neutral
11610,surprise
11613,sad
11632,sad
11642,sad
11675,sad
11694,sad
1177,sad
11813,sad
11841,sad
11849,angry
11883,neutral
11949,sad
11964,sad
11986,sad
12136,sad
12144,sad
1215,sad
12171,sad
12183,neutral
12230,sad
12237,neutral
12307,neutral
1235,sad
12352,surprise
12489,sad
12680,neutral
12695,sad
12733,sad
12808,neutral
12810,sad
12841,sad
12842,sad
12851,sad
12928,neutral
12945,sad
13029,sad
13041,neutral
13057,sad
13059,sad
13092,angry
13118,sad
13167,sad
13220,sad
13267,sad
13279,neutral
13334,sad
13351,sad
13376,sad
13395,sad
1340,angry
13431,sad
1350,sad
13514,sad
13533,neutral
13535,sad
1358,sad
13582,sad
13599,sad
13607,sad
13671,sad
13672,sad
13738,sad
13758,neutral
1386,neutral
13890,neutral
13978,sad
14022,sad
14030,sad
14058,sad
14108,sad
14118,angry
14120,sad
14148,sad
14185,sad
14206,angry
1422,sad
14243,neutral
14315,sad
14329,sad
14357,sad
14376,sad
1438,sad
14381,sad
14421,sad
14438,sad
14498,neutral
14557,sad
1460,neutral
14706,sad
1477,neutral
14775,sad
14821,sad
14831,sad
14870,sad
14945,sad
15074,sad
1508,sad
15138,sad
15172,neutral
15190,sad
15194,neutral
15217,neutral
15222,sad
15295,sad
15474,sad
15500,sad
15502,sad
1555,sad
15562,neutral
15637,sad
15644,neutral
15654,sad
15699,sad
157,sad
15709,sad
15712,sad
15715,angry
15725,fear
1575,sad
15771,sad
1582,sad
15820,sad
15821,sad
15835,sad
1584,sad
15848,sad
15897,sad
15919,sad
15941,sad
15954,sad
15979,sad
16033,sad
16102,sad
16169,neutral
16222,sad
16233,sad
16287,sad
16292,sad
16380,sad
16406,sad
16410,sad
16413,sad
16428,surprise
16506,sad
16510,angry
16557,sad
16565,sad
16643,sad
16659,angry
16681,sad
16711,sad
1672,sad
16764,sad
16768,sad
16783,sad
16792,sad
16875,neutral
16999,surprise
17024,sad
17053,sad
17085,sad
17099,sad
17167,sad
1717,sad
17170,sad
17186,sad
17209,neutral
17211,neutral
17228,sad
17259,sad
17316,sad
17344,sad
1736,neutral
17371,sad
17413,sad
17428,neutral
17445,sad
17452,neutral
17502,sad
17536,sad
17647,sad
17700,sad
17705,sad
17731,angry
17735,sad
17736,sad
17752,sad
17787,sad
17910,sad
17939,sad
18001,neutral
18050,sad
18140,sad
18142,sad
18161,sad
18166,sad
18183,sad
18200,sad
18247,sad
1825,sad
18254,sad
18284,sad
18376,sad
18380,sad
1841,neutral
18415,sad
18445,sad
18459,sad
18466,neutral
18492,sad
18534,sad
18565,sad
18566,sad
18588,angry
18593,sad
18602,sad
18617,neutral
18633,sad
18695,neutral
18715,sad
18779,sad
1880,sad
18810,neutral
18837,sad
18882,sad
18903,sad
18949,sad
18983,sad
1899,sad
18994,sad
19014,neutral
19060,sad
19067,sad
1908,neutral
19093,sad
19108,sad
19114,neutral
19115,fear
19140,sad
19152,sad
19268,sad
19292,neutral
19309,sad
19392,sad
19476,neutral
19477,sad
19485,neutral
1966,sad
19664,sad
19732,surprise
19811,sad
1983,angry
19832,sad
19877,sad
19906,sad
19923,sad
1994,sad
19950,sad
19961,neutral
2006,angry
20222,sad
20227,sad
20287,sad
20290,sad
20298,neutral
20303,sad
20312,neutral
20328,sad
20353,sad
20374,sad
20451,sad
2050,sad
20505,angry
20532,sad
2055,surprise
20629,sad
20630,neutral
20635,sad
20640,sad
20653,sad
20673,neutral
20686,sad
20736,sad
20739,sad
20796,neutral
20817,surprise
20849,sad
21068,sad
21099,sad
21111,sad
21131,sad
21135,sad
21161,sad
2117,fear
21173,neutral
21284,sad
21371,sad
21374,neutral
2142,sad
21447,neutral
21472,sad
21511,sad
21512,sad
21520,surprise
21541,sad
21573,sad
21670,sad
21703,angry
21723,sad
21782,sad
21836,sad
21865,sad
21916,sad
21921,sad
21922,sad
2194,sad
22089,sad
22183,sad
22184,sad
22198,sad
2225,sad
22309,sad
22334,sad
22375,sad
22516,sad
22695,sad
22733,sad
22739,sad
22789,neutral
22807,sad
22810,sad
22832,sad
2290,sad
22990,sad
23,sad
23008,sad
23041,sad
23059,sad
23085,sad
23164,sad
23194,sad
23215,sad
23230,neutral
23246,neutral
23327,fear
23404,sad
23468,angry
23473,sad
23488,sad
23521,sad
23532,sad
23749,sad
23780,sad
23783,surprise
23814,sad
23847,sad
23886,sad
24067,sad
2407,surprise
24071,sad
24176,neutral
24184,sad
24252,sad
24378,sad
24412,sad
24428,sad
24435,neutral
24437,sad
24441,sad
24466,sad
24490,sad
245,neutral
24501,sad
24542,angry
24660,neutral
24678,neutral
24711,sad
24789,fear
24797,angry
24819,sad
24821,sad
2484,sad
2486,sad
2487,sad
24886,neutral
249,sad
24959,sad
24967,sad
2498,sad
24992,sad
25082,sad
25088,sad
251,neutral
25101,sad
2511,sad
25131,sad
25144,sad
25209,sad
25255,sad
25343,sad
25360,neutral
25435,sad
25528,sad
25542,sad
2557,sad
2558,sad
25612,sad
25681,sad
25688,sad
25778,sad
25795,sad
2581,sad
25811,sad
25813,angry
25844,sad
25874,sad
25876,neutral
25886,sad
25891,sad
259,sad
25944,neutral
25973,sad
26025,sad
26038,sad
26059,neutral
26121,neutral
26124,sad
26137,angry
26163,sad
26175,sad
26177,sad
26181,sad
26185,sad
26248,sad
26264,angry
26267,sad
26337,sad
26344,angry
26437,sad
26446,sad
26462,neutral
26572,sad
26597,sad
26618,neutral
26620,sad
2668,sad
26725,sad
26789,sad
26845,sad
26860,sad
26886,sad
26899,sad
26900,sad
26919,sad
26928,neutral
26956,neutral
27016,sad
27022,sad
27054,sad
2709,sad
2712,sad
27284,neutral
27296,sad
27385,sad
27413,sad
27464,sad
27483,neutral
27544,sad
2762,sad
27652,sad
2770,neutral
27704,sad
27715,neutral
27726,sad
27744,sad
27770,sad
27777,neutral
27798,sad
27828,sad
2791,sad
27967,sad
27982,sad
28015,sad
28058,sad
28062,neutral
28120,sad
28144,neutral
28148,sad
28149,sad
28207,sad
28248,sad
28288,neutral
28300,sad
28401,surprise
28438,sad
28498,sad
28509,sad
28543,sad
28547,sad
28560,sad
28585,sad
28614,sad
28618,neutral
28620,sad
28660,sad
28707,sad
28720,neutral
28731,sad
28737,angry
28743,sad
28749,sad
28800,sad
28840,sad
28867,neutral
28884,sad
2890,sad
28932,sad
28952,sad
29085,sad
29119,angry
29132,sad
29202,neutral
29266,sad
29319,neutral
2933,sad
29414,sad
29471,sad
29477,sad
29493,sad
29523,sad
29527,sad
29554,sad
29571,neutral
29581,sad
29588,angry
29614,sad
29669,sad
29685,sad
29730,sad
298,sad
29818,sad
29866,sad
29929,sad
29931,sad
29947,sad
29977,sad
29980,surprise
30002,sad
30004,sad
30015,neutral
30024,sad
30058,sad
30059,sad
30082,neutral
30085,sad
30171,neutral
3021,angry
30260,sad
30273,sad
30290,sad
30305,sad
30320,neutral
30325,sad
30394,sad
30415,sad
30420,sad
30456,neutral
30458,sad
30460,sad
30490,sad
30509,sad
30535,angry
30563,sad
30584,sad
30619,sad
30901,sad
30933,sad
30944,neutral
3099,sad
31033,neutral
31042,sad
31081,sad
31083,sad
31138,sad
31142,sad
31203,sad
3121,sad
3137,sad
31491,sad
31529,sad
31544,neutral
31609,sad
31635,neutral
31693,sad
31703,angry
3176,sad
31849,surprise
3186,sad
31873,neutral
3188,sad
31928,sad
32023,sad
32024,sad
32153,angry
32161,sad
32223,neutral
32231,sad
3226,sad
32278,neutral
32281,neutral
32298,sad
32336,sad
32352,angry
32367,sad
32454,sad
32464,sad
32473,sad
3248,sad
32481,sad
32506,neutral
32512,angry
32575,sad
32584,sad
32617,sad
32662,surprise
32755,sad
32777,sad
33015,sad
3303,neutral
33105,sad
33131,sad
33221,sad
3327,sad
33301,sad
33308,sad
3334,sad
33352,sad
33444,sad
33450,neutral
33459,angry
33494,sad
33560,neutral
33573,angry
33633,sad
33666,sad
3370,sad
33729,neutral
3377,sad
338,neutral
33809,sad
33829,sad
33890,sad
33924,sad
33926,neutral
3393,sad
33935,neutral
33977,sad
33987,sad
33998,sad
34036,sad
34040,sad
3412,neutral
34138,neutral
34151,sad
34175,sad
34178,angry
34184,sad
34238,sad
34259,surprise
34352,sad
34359,angry
34363,sad
34448,neutral
34474,surprise
3449,sad
34507,neutral
34581,sad
34592,sad
34596,sad
34620,sad
3467,sad
34714,sad
34778,sad
34879,sad
35009,sad
35010,neutral
35028,sad
35041,fear
35059,sad
35145,sad
35149,sad
35162,sad
35210,sad
3522,sad
35261,sad
35298,sad
35407,angry
35425,sad
35439,sad
35447,sad
35514,sad
3558,sad
3564,sad
35669,sad
35681,sad
35682,surprise
35731,sad
35753,neutral
35805,sad
35809,sad
35820,neutral
35828,sad
35881,sad
35884,neutral
3599,neutral
3632,sad
377,sad
38,surprise
3802,neutral
3819,sad
3839,sad
3862,neutral
3870,angry
3913,sad
4015,neutral
404,sad
4060,sad
4077,angry
4100,sad
4196,sad
4229,neutral
4306,sad
4317,sad
4324,sad
4349,sad
4384,sad
4396,sad
4397,sad
4459,sad
4468,neutral
4502,sad
4579,sad
4616,sad
4637,sad
4660,sad
4665,sad
4670,neutral
4700,sad
4751,sad
4807,neutral
4878,sad
4937,sad
5010,sad
5060,sad
5064,sad
521,sad
5220,sad
5233,surprise
5244,sad
5259,sad
5312,sad
5317,neutral
5400,sad
5422,neutral
5432,sad
5434,fear
5459,sad
5519,sad
5564,sad
5570,sad
5582,sad
5607,sad
5610,neutral
5637,sad
5732,fear
5739,sad
5780,sad
5810,sad
5822,sad
5859,sad
5883,sad
5888,sad
589,sad
5902,angry
5962,angry
6009,sad
6017,sad
6075,angry
608,sad
6088,neutral
6119,sad
6129,sad
6155,neutral
6225,sad
6232,sad
624,neutral
6274,neutral
6278,sad
6283,sad
6321,sad
633,sad
6347,sad
6364,sad
6365,sad
6375,sad
6390,sad
6420,sad
6426,sad
6471,neutral
6484,surprise
65,sad
654,sad
6547,sad
6555,sad
6561,fear
6566,neutral
6580,sad
6581,sad
6584,neutral
6618,surprise
6621,sad
665,sad
6652,surprise
6726,angry
6739,sad
6745,sad
676,sad
6766,neutral
6809,neutral
6890,sad
6923,sad
6955,neutral
6965,neutral
7015,fear
7056,sad
7103,sad
7136,sad
7174,sad
7219,surprise
7257,surprise
7261,neutral
727,sad
7284,sad
7291,sad
7409,sad
7492,sad
7550,sad
7559,sad
7589,sad
764,neutral
7655,neutral
7668,sad
7729,sad
7777,neutral
7793,sad
7811,sad
7886,neutral
7919,sad
7937,sad
7979,sad
8000,neutral
8001,surprise
8052,sad
8096,sad
8103,sad
8130,sad
8151,sad
816,angry
8267,sad
8275,sad
8299,sad
8402,sad
842,sad
854,sad
8555,sad
8581,surprise
8593,sad
861,neutral
8661,sad
8685,sad
8719,sad
8734,sad
8902,sad
8916,neutral
8969,sad
9012,sad
9059,sad
9100,neutral
9156,surprise
9266,neutral
9293,neutral
9331,sad
9400,neutral
9567,sad
9615,sad
966,sad
9691,neutral
9698,sad
9715,sad
9748,sad
9785,surprise
9802,sad
9811,sad
9862,surprise
9884,sad
9931,sad
10053,sad
10435,sad
10532,sad
1115,sad
11222,surprise
11529,sad
11639,sad
12417,neutral
12753,sad
13372,sad
13597,sad
13652,sad
13847,angry
14041,sad
14869,sad
14954,neutral
14958,neutral
15110,neutral
16021,surprise
16054,sad
16121,neutral
16264,sad
16718,sad
17260,sad
18077,neutral
1843,sad
18464,neutral
18716,neutral
19649,sad
19734,neutral
19770,sad
19801,sad
19831,sad
20761,neutral
21744,neutral
21765,neutral
21851,sad
22320,sad
2275,sad
23141,sad
23153,sad
23665,sad
23876,sad
24578,neutral
25267,sad
25538,sad
25541,sad
26859,sad
2732,sad
2742,sad
28332,sad
28390,sad
28710,neutral
28987,neutral
29158,sad
29269,surprise
30347,sad
30428,sad
30499,sad
30601,sad
30719,sad
30761,sad
30907,sad
3101,sad
31232,sad
31323,sad
31796,neutral
31828,surprise
32487,neutral
32681,angry
33209,sad
33284,sad
33561,neutral
33670,sad
33995,neutral
34022,sad
34432,sad
34505,sad
34519,sad
3521,neutral
35376,sad
35580,surprise
3690,sad
3778,surprise
4002,sad
4004,sad
4265,sad
4312,sad
4481,surprise
4737,sad
5085,sad
533,sad
573,neutral
6231,neutral
6926,sad
7068,neutral
7192,sad
7405,sad
7455,neutral
7592,sad
7835,sad
807,sad
8415,sad
8585,sad
8726,neutral
8893,sad
8948,sad
9043,sad
9297,neutral
9460,neutral
9504,sad
10029,sad
10043,sad
10044,neutral
1008,neutral
10099,sad
101,sad
10189,angry
10263,sad
10267,sad
10278,sad
10292,sad
10355,neutral
10409,sad
10437,neutral
10443,sad
10445,sad
10458,neutral
10489,neutral
10493,surprise
10534,sad
1075,sad
10758,sad
1079,sad
10797,angry
10832,sad
10933,neutral
10944,sad
10968,neutral
10979,sad
11030,neutral
11036,sad
11039,sad
11054,neutral
11057,sad
11104,sad
11112,sad
11137,sad
11143,sad
11146,sad
1116,neutral
1128,angry
1133,sad
11353,sad
11360,sad
1137,neutral
11381,sad
11412,sad
11416,surprise
11471,sad
11536,surprise
1154,sad
11559,neutral
11587,sad
11653,neutral
11682,neutral
11687,neutral
1169,neutral
11704,sad
11706,sad
11727,sad
11729,sad
11747,fear
11754,neutral
11774,sad
11816,neutral
11855,sad
11904,sad
1193,surprise
11944,angry
11968,neutral
11999,sad
12063,sad
12125,sad
12255,sad
12259,surprise
12313,neutral
12334,sad
12350,angry
12383,sad
12431,sad
12440,sad
12472,sad
12496,sad
12527,surprise
12578,neutral
12592,surprise
12634,sad
12674,sad
12676,sad
12698,angry
12712,sad
12737,angry
12809,sad
12891,neutral
12948,sad
12986,sad
12988,sad
13067,sad
13071,sad
131,neutral
13114,sad
13121,neutral
13152,neutral
13179,sad
13233,sad
1325,neutral
13250,sad
13252,sad
13301,neutral
13306,surprise
13308,sad
13310,sad
13362,neutral
13394,sad
13405,sad
1343,sad
13482,neutral
13486,sad
13518,sad
13549,surprise
13561,neutral
13585,neutral
13587,sad
13593,neutral
13596,surprise
13638,sad
13664,surprise
1367,sad
13683,sad
13694,sad
13798,surprise
13855,neutral
1389,sad
13899,sad
13913,sad
13921,angry
13928,sad
13933,neutral
13939,angry
13965,sad
13971,surprise
1401,sad
14011,fear
14033,sad
14037,sad
14044,sad
14057,sad
14082,neutral
1410,sad
14114,sad
14117,sad
14268,sad
1429,neutral
14306,sad
1441,sad
14444,sad
14452,sad
14509,angry
14529,neutral
14551,surprise
14605,sad
14620,sad
14637,neutral
1465,sad
14722,sad
1474,sad
14744,neutral
14747,sad
14786,sad
14789,neutral
148,sad
1485,sad
14891,neutral
14987,sad
15001,angry
15012,sad
15040,sad
1506,neutral
15088,sad
15134,neutral
15191,sad
15198,neutral
15260,angry
15268,sad
15279,sad
15280,sad
1534,sad
15503,sad
15539,neutral
15544,sad
15578,neutral
15615,sad
15622,sad
15663,sad
15668,fear
15678,sad
1576,sad
15778,neutral
15859,sad
15870,sad
15881,sad
15921,fear
15950,sad
15984,sad
1599,neutral
15999,sad
16039,surprise
1606,sad
16071,sad
16113,sad
16134,sad
16226,sad
16277,neutral
16318,neutral
16330,surprise
16346,angry
16374,surprise
16395,sad
16429,sad
16440,neutral
16450,surprise
16486,sad
16489,sad
16501,angry
16503,sad
16523,neutral
16539,sad
1654,sad
16559,neutral
1657,sad
1660,sad
16609,sad
16632,neutral
16674,angry
16775,sad
16788,angry
16802,angry
16811,neutral
16830,sad
16915,sad
16930,sad
16954,sad
16977,sad
16990,neutral
17105,sad
17107,sad
17114,fear
17180,sad
17191,sad
17213,sad
17217,sad
1722,surprise
17236,neutral
1727,neutral
17314,sad
17334,sad
17369,sad
17449,sad
17479,neutral
17503,sad
17550,sad
17558,sad
1756,sad
17587,sad
17631,sad
17668,sad
17685,sad
17707,sad
17710,neutral
17762,sad
17816,sad
17831,sad
17834,neutral
17901,sad
17930,sad
17932,sad
17934,sad
1796,angry
1799,sad
18006,sad
18010,sad
18068,sad
18073,neutral
18104,sad
18106,sad
18108,sad
18117,sad
18148,sad
18203,neutral
18291,sad
18299,angry
18309,sad
18317,neutral
18325,sad
18336,neutral
18364,sad
1838,sad
18404,sad
18513,sad
18517,neutral
18523,sad
18527,neutral
18542,surprise
18569,angry
1857,sad
18574,neutral
18641,sad
18713,sad
1873,sad
18753,sad
18757,sad
18763,neutral
18905,neutral
18908,sad
18911,sad
18960,neutral
18974,sad
18976,sad
18984,neutral
19000,neutral
19020,sad
19064,sad
19089,sad
19119,sad
19188,sad
19216,surprise
19226,neutral
19235,sad
19252,neutral
1929,sad
19349,sad
1939,sad
19454,sad
19473,neutral
19497,surprise
19559,sad
19599,sad
19612,sad
19644,sad
19682,sad
19740,sad
19754,sad
19810,sad
19841,sad
1986,sad
19888,angry
19896,sad
19897,sad
19995,fear
200,neutral
20037,fear
20058,neutral
20062,angry
20083,neutral
20135,sad
20194,sad
20214,sad
20265,sad
20337,sad
20411,sad
20424,sad
20450,fear
20461,surprise
2047,sad
20476,angry
20495,sad
20508,sad
20526,angry
20579,sad
20598,sad
20617,sad
20715,sad
20831,neutral
20843,sad
20851,sad
20897,sad
20970,sad
2098,sad
21,neutral
21070,neutral
21101,sad
21102,neutral
21227,surprise
21230,sad
21250,neutral
21269,sad
21280,sad
21352,neutral
21360,angry
21387,sad
21420,sad
21464,sad
21499,neutral
21500,sad
21556,neutral
21559,neutral
21598,sad
21615,neutral
21654,sad
21686,sad
21697,sad
2178,sad
21833,surprise
21858,surprise
21877,sad
21946,angry
21967,surprise
22050,sad
22074,sad
22102,sad
22130,sad
22166,neutral
2226,angry
22326,surprise
22349,sad
224,neutral
22458,sad
22485,sad
22520,angry
22607,sad
22640,neutral
22662,neutral
22756,sad
22791,neutral
22827,neutral
22839,neutral
22840,sad
22917,sad
22944,sad
22988,sad
22997,neutral
23038,sad
23083,sad
23100,sad
23126,sad
23142,sad
23184,neutral
23192,sad
23209,neutral
23260,neutral
23305,surprise
23332,sad
23362,sad
23368,neutral
23389,sad
23403,sad
23427,sad
23447,sad
23463,sad
23477,sad
23517,sad
23540,sad
23561,surprise
23566,neutral
2357,angry
23718,neutral
23731,sad
23767,sad
23778,sad
2378,neutral
23791,angry
2391,sad
24016,sad
24035,angry
24088,angry
24089,neutral
24131,sad
2416,sad
24165,sad
24185,neutral
24213,sad
24220,sad
2426,angry
24452,sad
24479,sad
24482,neutral
24539,sad
24554,sad
24562,sad
24579,neutral
24621,sad
24625,sad
24694,sad
24721,sad
24753,neutral
24763,sad
24778,sad
24822,sad
24880,neutral
24948,surprise
24963,sad
24978,sad
24991,sad
25045,surprise
25046,sad
25061,sad
25074,sad
25108,sad
25109,sad
25133,neutral
25162,sad
25191,surprise
25202,sad
25220,sad
25242,sad
25247,neutral
25298,neutral
25306,sad
25327,sad
25359,sad
25439,sad
25481,sad
25496,sad
25555,angry
25570,angry
25577,sad
25590,sad
25605,sad
25621,sad
25638,sad
25647,sad
25710,neutral
258,neutral
25820,neutral
25914,neutral
2592,sad
2593,sad
26082,sad
26091,sad
26097,neutral
26131,sad
26210,sad
26250,sad
26275,sad
26283,sad
26363,sad
26377,sad
26385,sad
26394,sad
264,sad
26402,sad
26409,neutral
2641,sad
26454,sad
26469,sad
2651,neutral
2657,sad
26582,neutral
26726,sad
2681,sad
26842,neutral
26895,surprise
26916,sad
26927,neutral
26973,surprise
26980,neutral
270,neutral
27006,sad
27077,sad
27094,sad
27098,sad
27103,sad
27145,sad
27300,sad
27308,neutral
27359,fear
27363,neutral
27369,sad
27488,surprise
27503,sad
27509,sad
27591,sad
27635,fear
27709,sad
27764,sad
27772,neutral
27806,neutral
27846,angry
27868,sad
27889,surprise
2789,sad
27899,sad
27910,sad
27937,neutral
28050,sad
28101,neutral
28189,sad
28210,sad
28243,sad
28267,sad
28308,sad
28331,sad
28417,sad
28453,neutral
28503,sad
28515,surprise
28548,angry
2858,neutral
2860,sad
28627,sad
28701,sad
28704,sad
28724,neutral
28729,neutral
28734,sad
28859,sad
29005,sad
29026,sad
29027,sad
29043,sad
2906,sad
29068,neutral
29126,sad
29152,sad
29219,angry
2927,neutral
29284,surprise
29285,sad
29291,sad
29315,neutral
29327,sad
29349,surprise
29389,sad
29478,sad
29528,sad
29536,neutral
29603,surprise
29629,neutral
29674,sad
297,sad
29701,sad
29709,sad
29713,neutral
29720,neutral
29731,neutral
29733,sad
29735,neutral
29738,sad
29795,neutral
29869,sad
2987,sad
29871,sad
2988,angry
29892,sad
29912,neutral
29924,sad
29990,neutral
3000,sad
30062,sad
30074,sad
30196,neutral
30206,sad
30237,sad
30253,neutral
30316,sad
30333,surprise
3036,sad
30482,sad
30564,sad
3057,sad
30594,fear
30638,sad
30735,sad
30774,sad
30798,neutral
3087,sad
30936,sad
31007,neutral
31105,sad
31107,neutral
31116,surprise
3112,sad
31130,sad
31157,sad
31159,angry
31188,neutral
3124,sad
31286,surprise
31330,angry
31341,sad
31357,neutral
31375,sad
31395,sad
31398,sad
314,angry
31421,sad
31461,surprise
31526,sad
31535,sad
31569,sad
31625,neutral
31638,sad
31655,sad
3170,angry
31738,sad
31782,sad
31821,angry
31855,angry
31860,neutral
31866,sad
31903,neutral
31916,sad
31940,sad
31954,neutral
31973,sad
31979,sad
32076,angry
32097,sad
32103,sad
32180,sad
32279,sad
32323,sad
32349,surprise
32351,neutral
32438,angry
32461,angry
32463,angry
32485,surprise
32507,sad
32551,angry
32569,neutral
32619,neutral
32623,sad
32642,sad
32682,neutral
32688,sad
3269,surprise
32692,sad
32696,angry
32758,sad
32766,neutral
32799,sad
32829,sad
32876,surprise
32879,sad
32889,sad
32931,angry
32940,neutral
32941,sad
32946,neutral
3296,sad
3297,sad
32996,neutral
33007,sad
33051,sad
33097,surprise
3314,sad
33215,sad
33258,sad
33299,surprise
33358,sad
33390,sad
33410,sad
33419,neutral
33440,sad
33490,sad
33519,sad
33535,sad
33548,sad
33559,neutral
33587,sad
33608,sad
33617,sad
33644,neutral
33673,sad
33674,sad
33701,sad
33718,neutral
33806,sad
33855,sad
3391,surprise
33919,sad
33940,sad
340,sad
3402,surprise
34024,angry
34063,sad
3409,sad
34097,sad
341,sad
34100,neutral
34117,surprise
34120,sad
34143,neutral
34201,sad
34277,sad
34325,sad
34356,sad
34382,sad
34396,sad
34415,sad
34462,angry
34465,surprise
34522,neutral
34545,angry
34613,sad
34656,sad
34659,sad
34675,neutral
3472,neutral
34730,sad
34755,neutral
34878,sad
34897,sad
34968,sad
34972,sad
35022,surprise
35120,sad
35151,fear
35202,neutral
35207,angry
35230,surprise
35238,sad
35250,sad
35257,neutral
35279,sad
35322,sad
35334,angry
35362,angry
35363,sad
35394,angry
35410,sad
35427,neutral
35453,angry
35541,neutral
35592,neutral
35629,sad
3565,sad
35697,surprise
35709,neutral
3584,sad
35851,sad
3601,neutral
3645,sad
365,sad
3709,sad
3714,sad
3719,surprise
3722,sad
3736,angry
3739,sad
3742,neutral
3783,sad
3785,sad
3836,sad
3837,sad
3985,sad
4033,neutral
4040,angry
4064,sad
4098,neutral
414,sad
418,angry
4200,sad
4217,sad
4234,surprise
4296,sad
4308,neutral
4316,surprise
4340,sad
4411,sad
4453,neutral
4516,sad
452,sad
4523,sad
454,sad
4540,angry
4547,neutral
460,sad
4650,neutral
4821,neutral
483,sad
4858,sad
4901,neutral
4917,sad
4975,angry
4979,sad
4986,neutral
500,sad
5023,surprise
504,sad
507,neutral
5074,sad
5097,neutral
5117,surprise
5184,sad
5222,sad
5253,neutral
5263,sad
5283,sad
5360,sad
538,sad
546,sad
5472,sad
5514,surprise
5567,sad
5622,neutral
5638,neutral
5654,sad
5717,sad
5736,neutral
5809,surprise
5858,sad
5957,sad
5961,sad
5989,sad
5992,sad
6035,sad
6037,surprise
6054,sad
6059,sad
6062,sad
6064,sad
6091,sad
6106,sad
6152,sad
6153,sad
6176,neutral
6179,neutral
6214,neutral
6311,neutral
6345,neutral
6346,sad
6366,sad
6469,neutral
6495,neutral
6515,sad
6608,sad
6732,sad
6747,sad
6808,surprise
6814,sad
6876,sad
689,sad
6902,sad
6909,sad
6973,neutral
6988,neutral
7027,sad
7038,sad
7102,sad
712,sad
7129,angry
7146,sad
7150,neutral
7158,sad
7182,angry
7270,sad
7271,sad
729,sad
73,neutral
7302,fear
7305,sad
7350,sad
7394,sad
741,neutral
7517,sad
7542,neutral
7580,sad
7681,neutral
7684,sad
7748,sad
7749,sad
7756,sad
7786,sad
7819,sad
7846,neutral
7875,neutral
7894,sad
794,sad
7980,sad
8035,sad
8040,sad
8043,sad
8067,sad
8119,sad
8163,sad
8177,sad
8178,sad
8239,sad
8350,neutral
8433,angry
8454,sad
8474,neutral
8481,sad
85,neutral
8556,sad
859,angry
8611,neutral
8637,neutral
8645,neutral
8672,sad
872,sad
8754,neutral
8795,sad
8797,sad
8818,sad
886,sad
9037,sad
9040,sad
9101,angry
911,sad
9179,neutral
9205,sad
9232,sad
9251,sad
9261,neutral
9281,sad
9302,sad
9333,sad
9369,surprise
9370,sad
9474,sad
949,sad
9602,sad
9606,sad
9842,neutral
9898,sad
10019,sad
10023,surprise
10074,neutral
10096,sad
10106,sad
10126,sad
10138,sad
10141,sad
1020,sad
10218,sad
10237,sad
10248,sad
10257,neutral
1027,sad
10273,sad
10276,sad
10312,neutral
10317,sad
10344,sad
10362,sad
10367,sad
10370,sad
10432,sad
10456,neutral
10467,sad
10468,sad
10480,sad
10528,sad
10540,sad
10552,neutral
1056,sad
10571,sad
1058,sad
10622,sad
10638,neutral
10640,sad
10644,sad
10647,sad
10683,sad
10703,sad
1074,sad
10770,sad
10773,neutral
10792,sad
1081,sad
10811,sad
10841,sad
10879,sad
10903,neutral
10935,sad
10956,sad
10992,neutral
11019,sad
1111,neutral
11150,sad
11208,sad
1121,sad
11236,sad
1130,neutral
11345,sad
11349,sad
11392,sad
1141,sad
11500,sad
11508,sad
11516,sad
1152,sad
11530,sad
11549,sad
11552,sad
11558,neutral
11573,sad
11575,sad
11588,neutral
1159,sad
11594,sad
11604,sad
11614,sad
11637,neutral
11646,sad
11658,sad
11717,surprise
11733,surprise
11763,sad
11766,fear
11772,neutral
11785,sad
11793,sad
11808,sad
11814,neutral
11819,sad
11835,surprise
11842,sad
11850,sad
11885,neutral
11927,sad
12011,neutral
1202,neutral
12024,neutral
12098,sad
12120,sad
12129,neutral
12141,neutral
12191,sad
12239,sad
12257,sad
12284,sad
12321,sad
12329,sad
12349,neutral
12359,sad
12376,sad
12379,neutral
12381,sad
12410,sad
1246,sad
12487,sad
12492,neutral
12497,sad
12557,sad
12560,sad
12581,sad
12600,sad
12611,sad
12672,neutral
12705,sad
12725,sad
12729,sad
12772,sad
12776,neutral
12789,sad
12861,sad
12904,surprise
12936,angry
12951,sad
12956,sad
12957,sad
13037,sad
13073,sad
1309,sad
13105,sad
13108,sad
13127,neutral
13139,angry
13151,sad
1316,sad
13204,sad
13228,neutral
13283,sad
13317,sad
13322,sad
1334,sad
13348,angry
13353,sad
13363,neutral
13366,angry
13385,sad
1341,sad
13427,sad
13428,sad
13449,sad
13456,sad
13476,neutral
13502,neutral
13526,sad
13528,neutral
13570,sad
13584,sad
13590,sad
13615,sad
13618,neutral
13655,sad
13703,neutral
13706,angry
13715,sad
13757,sad
13761,sad
13792,sad
13802,sad
1381,fear
13833,sad
13848,sad
13874,sad
13877,sad
139,sad
13911,sad
13912,neutral
13925,sad
1395,sad
13955,neutral
13968,sad
13969,neutral
13991,neutral
14063,sad
14092,sad
141,neutral
14139,sad
14152,sad
14155,sad
14169,sad
14236,sad
14278,surprise
14282,sad
14292,fear
14310,angry
14314,sad
14327,angry
14348,sad
14360,neutral
14371,sad
14378,neutral
14419,surprise
14427,surprise
14448,neutral
14473,fear
14475,sad
14516,sad
14517,sad
14518,sad
14546,angry
14586,sad
14593,sad
14611,neutral
14700,sad
14730,sad
14757,neutral
14759,sad
14792,neutral
14877,neutral
1491,neutral
14965,sad
14973,angry
15039,sad
15060,sad
15077,sad
15099,sad
1512,sad
15147,angry
15181,sad
15212,neutral
15216,sad
15221,angry
15229,sad
15257,sad
15269,sad
15271,sad
15292,sad
15310,neutral
15323,sad
15331,neutral
15335,sad
1538,sad
15397,surprise
15400,sad
15409,sad
15426,sad
15432,sad
15438,sad
15443,sad
15455,neutral
15494,neutral
15520,sad
15523,sad
15589,neutral
15616,sad
15621,sad
15677,sad
15708,sad
15758,sad
15767,sad
15791,neutral
15843,sad
15854,sad
15885,sad
15910,sad
15966,surprise
15976,sad
15983,sad
16037,sad
16042,angry
16064,sad
16076,sad
16081,sad
16106,sad
16108,sad
16120,sad
16141,sad
16192,neutral
16198,sad
16238,sad
16275,sad
1628,sad
16308,sad
16370,sad
16375,sad
1640,surprise
16407,sad
16423,sad
16444,sad
16460,neutral
16511,neutral
16550,sad
16562,angry
16583,neutral
16588,sad
16596,angry
16604,neutral
16611,sad
16619,neutral
16633,sad
16649,sad
16667,sad
16699,neutral
167,sad
1670,sad
16700,sad
16712,sad
16734,sad
16738,sad
16751,sad
16752,sad
16759,sad
16770,fear
16795,neutral
16799,neutral
16809,neutral
16818,surprise
16952,neutral
16967,sad
16971,sad
1699,sad
17002,sad
17007,neutral
17010,sad
17021,neutral
17022,sad
17032,sad
1704,sad
17041,neutral
1707,sad
17098,neutral
17104,sad
17117,sad
17188,sad
17194,sad
17207,neutral
17220,neutral
17319,sad
17367,sad
17381,sad
17397,sad
17402,sad
17447,sad
17462,neutral
17470,angry
17484,sad
17485,angry
17494,sad
17498,sad
17506,sad
17524,neutral
17541,sad
17543,sad
17552,sad
17609,sad
17624,sad
17654,sad
1768,sad
17682,sad
17684,sad
17692,sad
17694,surprise
17698,sad
1770,angry
17715,surprise
17772,neutral
17799,sad
17802,sad
17821,sad
1787,angry
17904,surprise
1793,sad
17936,surprise
18016,neutral
18018,sad
18025,sad
18033,sad
18037,sad
18080,sad
18082,sad
1815,neutral
18165,sad
18173,sad
18205,neutral
18226,neutral
18237,neutral
18245,sad
18249,sad
18250,neutral
18256,sad
18259,neutral
18297,sad
18308,sad
18383,sad
18405,sad
18424,sad
18425,neutral
18442,sad
18443,neutral
18471,sad
18476,fear
18483,sad
18487,neutral
18503,angry
18505,sad
18531,sad
18541,angry
18556,sad
18568,sad
18578,neutral
18655,sad
18662,sad
1869,sad
187,sad
18700,sad
18729,sad
18783,sad
18822,neutral
18827,sad
18834,sad
18835,sad
18849,sad
18861,sad
1887,sad
18873,sad
18885,neutral
18898,sad
18904,sad
18930,sad
18944,sad
18948,sad
18952,sad
19008,neutral
19012,sad
19025,sad
19056,sad
19062,sad
19063,sad
19074,sad
19105,sad
19127,sad
19130,neutral
19132,sad
19137,sad
19148,sad
19160,surprise
19162,sad
1919,sad
192,sad
1920,sad
19210,sad
19245,sad
19263,neutral
19269,sad
19284,sad
19291,sad
19317,neutral
19318,sad
19323,sad
19346,neutral
19357,sad
19370,sad
19377,sad
19378,sad
1938,neutral
19398,sad
19402,sad
19438,sad
19449,angry
19478,sad
19492,neutral
19496,fear
19499,sad
19514,sad
1953,sad
19536,sad
19548,sad
19568,sad
19589,neutral
19597,sad
196,neutral
19600,sad
19605,sad
19668,sad
19680,sad
19696,sad
19700,sad
19709,sad
19711,sad
1974,sad
19744,sad
19747,sad
19748,sad
19768,sad
19803,sad
19837,sad
19883,sad
19889,sad
19918,sad
19957,sad
19958,neutral
19962,sad
19968,sad
2001,neutral
20023,sad
20025,neutral
20032,sad
20039,surprise
20048,sad
20091,sad
20111,neutral
2012,sad
20120,sad
20122,neutral
20140,sad
20155,sad
20165,sad
20181,sad
20196,sad
20208,sad
20213,sad
20216,sad
20218,sad
20229,sad
20239,sad
20252,sad
20267,sad
20285,sad
20296,sad
20318,sad
20355,sad
20365,sad
20371,sad
20377,sad
20412,sad
20430,sad
20445,sad
20490,sad
20500,sad
20507,neutral
20519,sad
20547,surprise
20561,sad
20567,sad
2058,neutral
20580,sad
20595,sad
20616,sad
2064,sad
20666,sad
20675,sad
20684,sad
20685,neutral
2069,sad
20745,sad
20821,sad
20829,neutral
20850,neutral
20857,sad
20865,sad
20866,sad
20889,sad
20918,sad
20941,sad
20945,neutral
20949,sad
20958,sad
20972,sad
20984,sad
20988,surprise
20994,sad
210,sad
21006,sad
21027,sad
21033,sad
21077,sad
21097,sad
21098,sad
21120,sad
21143,sad
21177,neutral
21185,fear
2120,neutral
21200,neutral
2122,neutral
21235,sad
21292,sad
213,sad
21305,sad
21316,sad
21348,sad
2135,sad
2137,neutral
21376,neutral
21384,neutral
21394,sad
21439,sad
21441,sad
21460,neutral
21473,sad
21483,sad
21501,neutral
2152,sad
21524,sad
21538,sad
21574,sad
2159,sad
21593,surprise
21602,sad
21605,sad
21618,surprise
21699,surprise
21708,sad
21750,sad
21778,neutral
21783,sad
21787,sad
2182,sad
21825,sad
21835,angry
2184,sad
21846,sad
21876,sad
21899,sad
21927,sad
21942,sad
21943,sad
21961,sad
21990,neutral
2204,sad
22056,neutral
22064,sad
22080,sad
22097,sad
22111,sad
22138,sad
22140,sad
22150,neutral
22154,neutral
22178,sad
22179,sad
22191,sad
22194,sad
22201,sad
22247,sad
22289,sad
22290,sad
22301,neutral
2231,sad
22340,sad
22346,sad
22347,sad
22351,surprise
22380,sad
22388,sad
22395,sad
22424,neutral
22459,neutral
22466,sad
22506,sad
22532,sad
22545,angry
22560,sad
22574,neutral
22600,sad
22604,sad
22612,sad
22614,sad
22671,sad
22679,neutral
22711,sad
22750,neutral
22754,sad
22763,sad
22778,sad
22784,sad
22804,sad
22805,sad
2282,sad
22834,neutral
2284,sad
22863,sad
2287,sad
22894,sad
22900,neutral
22910,angry
2293,sad
22935,sad
22991,sad
23028,sad
2305,angry
2307,sad
2308,sad
23096,sad
23101,sad
23114,sad
23122,sad
23170,sad
23238,sad
2324,sad
2327,neutral
23293,sad
23319,sad
23320,sad
23321,sad
23334,sad
23377,sad
23380,sad
23381,sad
23419,neutral
23440,sad
23453,sad
23462,sad
2350,sad
23501,sad
23525,sad
23555,sad
23559,sad
23572,sad
23590,surprise
23612,sad
23621,sad
23664,sad
23667,sad
2374,sad
2377,surprise
23770,angry
23786,sad
23801,sad
23813,sad
23848,sad
23862,sad
23865,sad
23866,sad
23891,neutral
23897,neutral
23920,sad
23933,sad
23946,sad
24027,sad
2403,sad
24054,sad
24055,neutral
24077,sad
24079,sad
24099,sad
2411,sad
24123,sad
24137,sad
24148,neutral
24161,sad
24189,sad
24200,sad
2421,sad
24211,neutral
24219,sad
24224,sad
2424,sad
24241,sad
24259,sad
24263,sad
24286,sad
24289,sad
24292,surprise
24297,sad
24299,sad
24340,sad
24354,neutral
24355,sad
2436,angry
24360,sad
24380,neutral
24390,sad
24391,sad
24393,sad
24395,sad
24410,sad
24465,sad
24492,sad
2450,sad
24509,neutral
24521,neutral
24530,neutral
24535,sad
24536,sad
24570,sad
24607,angry
24633,sad
24652,sad
24656,sad
24680,sad
24692,neutral
24699,sad
247,sad
24718,sad
2472,sad
24731,fear
24747,angry
24764,sad
24769,fear
24777,sad
24783,sad
24823,neutral
2483,sad
24845,sad
24884,sad
24906,sad
24910,sad
2492,sad
24942,neutral
24946,surprise
25006,sad
25017,sad
25028,sad
25037,sad
25039,sad
25048,sad
25058,neutral
25123,sad
25163,sad
25180,sad
25186,sad
25199,sad
25223,sad
25271,neutral
25275,neutral
25287,sad
25322,neutral
25328,sad
25337,neutral
25342,neutral
25383,sad
25396,neutral
25414,sad
25420,sad
25431,sad
25438,sad
25443,sad
25454,sad
25472,neutral
25517,sad
25533,neutral
2554,neutral
2556,neutral
25578,sad
2559,neutral
25602,sad
25604,sad
25649,sad
25652,angry
25658,sad
25686,sad
25705,sad
25714,sad
25719,sad
25720,sad
25744,neutral
25747,surprise
25759,sad
25775,sad
25809,surprise
25839,sad
25887,angry
25902,neutral
25927,neutral
25937,sad
25949,sad
25993,sad
26018,sad
2603,sad
26032,sad
26034,sad
26046,sad
26077,sad
26098,sad
26107,fear
2611,sad
26159,sad
26160,neutral
26169,sad
2620,neutral
26212,neutral
26224,sad
2629,angry
26338,sad
26370,neutral
26397,sad
2640,sad
26456,sad
26459,sad
26468,sad
26477,sad
2649,fear
26511,sad
2655,neutral
26563,sad
26578,sad
26660,sad
26665,sad
26667,fear
26676,sad
26703,sad
26720,sad
26736,sad
26775,angry
2678,sad
26819,sad
26840,sad
26850,fear
26873,surprise
26888,sad
26891,sad
26906,sad
26909,fear
26913,neutral
26935,sad
26960,sad
26963,sad
26967,sad
26978,neutral
26981,sad
27048,sad
27051,sad
27105,sad
27106,sad
27128,sad
27140,fear
27152,sad
27162,sad
27172,sad
27187,sad
27196,sad
27197,sad
27204,neutral
27212,surprise
27227,neutral
27246,sad
27277,sad
27294,surprise
2730,sad
27326,sad
27333,sad
27334,sad
27365,sad
27367,angry
27404,sad
27407,sad
27426,sad
27446,sad
2745,neutral
27452,sad
27474,sad
27508,neutral
2754,sad
27554,sad
27563,sad
27575,sad
27616,sad
27619,sad
27625,surprise
27636,sad
27645,sad
27647,sad
27648,sad
27662,neutral
27671,sad
27675,sad
27701,sad
2771,sad
2774,sad
27779,sad
27823,sad
27854,sad
2790,neutral
27928,sad
27931,sad
27932,sad
27940,fear
27944,sad
27949,surprise
2796,sad
28040,sad
28046,sad
2805,fear
2806,sad
2810,neutral
28105,neutral
28108,neutral
28115,sad
28138,sad
28140,sad
2816,sad
2820,sad
28249,sad
28256,surprise
28264,neutral
28273,sad
28282,sad
28367,sad
28376,sad
28379,neutral
28383,sad
28415,sad
28474,sad
28502,sad
28522,sad
28529,surprise
2857,sad
28581,sad
28590,sad
28594,sad
28600,fear
2861,neutral
28632,sad
2867,sad
28676,sad
28688,sad
28772,neutral
28797,neutral
28807,sad
28814,neutral
2885,sad
28871,sad
28897,sad
28928,sad
28934,neutral
28938,neutral
28949,neutral
28954,neutral
28955,neutral
28962,sad
28963,neutral
28982,sad
29003,sad
29019,sad
29020,sad
29067,sad
29071,sad
29074,angry
29111,sad
29123,sad
2913,sad
29185,surprise
29211,sad
29214,sad
29248,sad
29258,sad
29290,sad
2930,sad
29300,sad
29329,sad
29365,sad
29370,sad
2938,sad
29398,sad
29415,neutral
29423,sad
29456,sad
29460,sad
29464,neutral
29467,neutral
29475,sad
2948,neutral
29504,neutral
29555,sad
29578,sad
29589,sad
29645,sad
29647,sad
29648,sad
29649,sad
2965,sad
29680,sad
29697,sad
29699,neutral
29707,sad
29724,sad
29766,sad
29769,sad
29773,sad
29821,sad
29834,sad
29844,sad
2985,sad
29889,sad
29919,neutral
29979,neutral
29981,sad
29987,sad
29991,neutral
30,surprise
30006,sad
30016,sad
30069,sad
30099,sad
3010,sad
30102,surprise
30114,sad
30119,sad
30127,sad
30143,sad
3016,sad
30164,sad
30188,neutral
30193,sad
30216,sad
3022,fear
30221,sad
3024,sad
30241,sad
30245,sad
3029,sad
30297,sad
30328,sad
30332,sad
30337,sad
30338,sad
30341,sad
30400,sad
30407,surprise
30424,neutral
30478,sad
30585,neutral
30646,sad
30651,sad
30652,sad
30661,neutral
30675,sad
30683,sad
30689,sad
3069,sad
30704,sad
30728,sad
30737,sad
30738,neutral
30749,neutral
3077,sad
30772,sad
30779,sad
30793,surprise
30808,sad
30820,sad
30822,sad
30823,neutral
30825,sad
3083,sad
30830,sad
30835,angry
30851,sad
30855,neutral
30856,sad
3086,sad
30871,sad
30893,sad
30909,sad
30948,sad
30951,sad
30961,sad
30962,sad
30965,sad
30981,sad
31010,sad
31029,sad
31043,sad
31056,sad
3106,sad
31080,sad
31101,sad
31112,sad
31137,sad
31140,sad
31141,neutral
31145,neutral
3117,sad
3120,sad
31209,neutral
31239,sad
31285,sad
31295,neutral
3131,sad
31316,sad
3132,sad
31366,neutral
3138,sad
31384,sad
3144,sad
31440,sad
3146,sad
31542,surprise
31551,sad
31571,surprise
31572,sad
3162,sad
31627,sad
31629,neutral
31659,sad
31697,sad
31742,fear
31752,sad
31806,neutral
31811,sad
3182,surprise
31833,sad
31853,neutral
31858,sad
31870,sad
31897,sad
31908,neutral
31929,neutral
31952,sad
31977,sad
31987,angry
32046,sad
32047,sad
32048,neutral
32051,neutral
3209,angry
32142,sad
32144,sad
3215,sad
32177,sad
32248,sad
32344,sad
32354,sad
32372,neutral
32377,neutral
32382,sad
32388,neutral
32402,sad
32439,angry
3245,sad
325,sad
3250,sad
32541,sad
32544,sad
32568,sad
32570,sad
32574,sad
32595,sad
3260,sad
32607,sad
32614,neutral
32624,sad
32627,sad
32684,sad
32725,sad
32763,sad
32769,sad
32773,sad
3278,sad
32796,sad
32826,sad
32835,sad
32837,sad
32838,sad
32849,sad
32913,neutral
32917,sad
32950,sad
32952,surprise
32953,neutral
32958,sad
32973,sad
32993,sad
32997,neutral
32998,sad
33016,sad
33017,sad
33024,sad
33046,sad
33065,sad
33066,sad
33071,sad
33084,neutral
33091,neutral
33094,sad
331,sad
3313,sad
33144,angry
33174,neutral
33175,sad
3318,surprise
33188,sad
33212,sad
33216,sad
33228,sad
33231,sad
33240,sad
33268,angry
33283,sad
333,fear
33319,sad
33320,sad
33322,sad
33326,surprise
33343,sad
33357,sad
33366,sad
33375,sad
33407,sad
33423,neutral
33455,angry
33460,neutral
33463,neutral
33518,sad
33525,neutral
33530,sad
33533,sad
33544,sad
33564,neutral
33610,sad
33648,sad
33660,sad
33675,sad
33690,surprise
33727,sad
33757,surprise
33762,neutral
33802,neutral
33807,sad
33842,neutral
33853,sad
33874,sad
33915,sad
33917,neutral
33933,sad
33938,sad
33981,angry
34015,neutral
34049,sad
34057,sad
34098,sad
3410,neutral
34102,sad
3411,sad
34119,sad
34129,sad
3414,sad
34170,sad
34219,fear
3422,sad
34226,sad
34234,sad
34244,neutral
34257,sad
34295,sad
34302,sad
3431,fear
34316,neutral
34361,sad
34375,sad
34386,sad
34397,sad
34412,surprise
34435,sad
34437,sad
34464,sad
34468,sad
3447,neutral
34471,sad
34483,sad
34498,sad
34510,sad
3452,sad
34567,sad
34569,sad
34585,sad
34599,sad
34600,sad
34644,sad
34645,neutral
34649,sad
3465,sad
34688,neutral
34720,surprise
34724,sad
34737,neutral
34753,neutral
34756,neutral
34759,neutral
34761,sad
34768,sad
34772,neutral
34829,sad
34836,sad
34840,sad
34841,surprise
34861,sad
34941,sad
34965,sad
34969,sad
34978,angry
35101,sad
35117,sad
35142,sad
35153,sad
35163,sad
35177,angry
35199,sad
35200,neutral
35209,sad
35226,neutral
35291,sad
35321,neutral
35341,sad
35346,sad
35364,sad
35369,neutral
35370,sad
35372,sad
3538,sad
3543,sad
35454,sad
35481,sad
35497,sad
35520,neutral
35536,sad
35547,sad
35552,neutral
35559,neutral
35582,sad
35598,sad
356,sad
35603,sad
35659,sad
35664,sad
35677,neutral
35685,sad
35698,neutral
3570,sad
35707,sad
35721,sad
35724,surprise
3574,sad
35767,neutral
35771,sad
35787,sad
35792,sad
35794,sad
35804,neutral
35850,angry
35856,sad
35860,sad
35869,sad
3590,sad
3647,sad
366,sad
3662,sad
3663,sad
370,sad
3755,sad
3763,surprise
3766,sad
3772,sad
3811,sad
3818,surprise
3842,sad
3875,neutral
3891,angry
3906,neutral
3958,sad
3959,sad
3969,sad
3977,angry
3978,sad
3982,sad
4029,neutral
4041,sad
4084,sad
4090,sad
4094,neutral
41,sad
4107,sad
4114,sad
4133,sad
4156,sad
4159,sad
4165,sad
4169,neutral
4174,angry
4182,sad
4185,sad
4226,sad
4248,sad
4264,sad
4269,surprise
4284,sad
4295,sad
4345,sad
4363,sad
4366,sad
440,sad
4433,sad
446,sad
4480,sad
4485,sad
4492,sad
4506,sad
4526,sad
4549,sad
4558,sad
4576,sad
4580,neutral
4589,sad
4606,sad
4607,sad
4620,sad
4634,sad
4640,sad
4649,neutral
4653,sad
4666,sad
478,sad
4786,sad
4791,sad
4797,sad
4803,sad
4814,surprise
4827,sad
4832,sad
4849,sad
485,sad
487,neutral
4910,sad
4948,sad
4980,sad
4988,sad
4996,neutral
5006,sad
5008,sad
5048,sad
5062,sad
5089,sad
5102,sad
5127,sad
5154,sad
5176,sad
5209,sad
5264,sad
5269,sad
527,sad
5278,sad
5279,sad
5289,sad
5293,sad
5303,sad
531,sad
5318,sad
5340,neutral
5356,neutral
5417,sad
5445,sad
5452,sad
5468,sad
5477,neutral
5490,sad
5493,sad
5523,sad
553,neutral
5548,sad
5558,sad
5594,sad
5618,angry
5674,sad
568,neutral
5694,neutral
5705,sad
5714,surprise
5719,sad
5753,neutral
5766,sad
5783,sad
5797,sad
5800,sad
5807,sad
5812,sad
5835,sad
5857,sad
5891,sad
5904,sad
5919,sad
594,sad
5942,sad
5954,sad
5968,neutral
5977,sad
5988,sad
6029,neutral
6045,sad
6052,sad
6095,sad
6110,sad
6123,neutral
613,sad
6136,neutral
6169,sad
6175,angry
6183,sad
62,neutral
620,sad
6206,sad
6217,sad
6246,sad
6272,sad
628,sad
629,neutral
6368,sad
6378,sad
639,sad
6394,sad
6403,fear
6416,sad
6444,sad
6457,sad
6473,neutral
6500,sad
6522,sad
6532,sad
655,sad
657,neutral
6577,neutral
659,sad
6603,neutral
6616,sad
6677,neutral
6686,sad
6689,sad
6691,sad
6700,sad
6703,neutral
674,sad
6744,sad
6759,sad
6776,sad
6784,sad
6792,angry
681,sad
6811,neutral
6818,sad
6865,sad
690,sad
6914,sad
6928,neutral
693,sad
6935,sad
6977,sad
6989,sad
7017,sad
7020,sad
7026,neutral
7029,sad
7065,sad
7080,sad
7100,neutral
7116,sad
7159,sad
7162,sad
7191,sad
7200,angry
721,sad
7244,sad
7245,neutral
7292,sad
7299,sad
7333,neutral
7335,sad
7366,neutral
7379,neutral
738,sad
7392,neutral
7413,sad
7425,sad
7441,sad
7511,angry
7531,sad
7532,sad
7537,neutral
7548,angry
7561,sad
7590,sad
7603,sad
7659,sad
7664,sad
7672,neutral
7674,neutral
7680,sad
7700,sad
7702,sad
7712,sad
7713,sad
7737,sad
774,angry
7753,sad
7762,sad
7804,sad
7813,sad
7815,sad
7827,sad
7845,sad
7881,sad
7892,sad
7905,surprise
7916,sad
7948,sad
7975,neutral
7986,neutral
8,neutral
80,fear
8020,sad
8027,sad
8034,sad
8049,sad
8065,sad
8082,sad
8086,neutral
8089,neutral
817,angry
8188,sad
8228,sad
8268,sad
8276,sad
8284,surprise
8293,neutral
8301,sad
8303,sad
8316,sad
8322,sad
8331,sad
8334,sad
8338,neutral
8355,sad
8424,sad
8434,sad
8449,sad
8457,sad
8473,sad
8539,neutral
8548,sad
8559,sad
856,neutral
8649,sad
8657,neutral
8662,neutral
8677,sad
8682,neutral
8691,surprise
8704,neutral
873,neutral
8753,neutral
8756,sad
8762,sad
880,sad
8820,neutral
8861,sad
8864,sad
8886,sad
8915,sad
8940,sad
895,sad
8960,sad
897,sad
898,sad
8993,surprise
9005,sad
906,sad
9060,sad
9070,angry
9071,sad
9085,sad
9094,neutral
9147,neutral
915,sad
9152,neutral
9167,neutral
9174,sad
9180,sad
9202,sad
9206,sad
9222,sad
9246,sad
9272,sad
9286,sad
9371,sad
9392,neutral
9412,neutral
9416,sad
942,neutral
9437,sad
9442,sad
9476,sad
9486,sad
951,sad
9538,sad
9542,sad
9570,disgust
9571,neutral
9598,sad
9599,neutral
9605,sad
9640,sad
9687,sad
973,sad
9774,sad
9800,sad
9833,sad
9845,sad
9865,angry
9890,sad
9893,sad
9897,sad
9901,sad
9933,sad
9977,angry
9979,sad
9984,sad
10033,neutral
10048,sad
10068,sad
10117,sad
10118,sad
10134,sad
10150,sad
10247,sad
10266,sad
10346,sad
10406,sad
1045,sad
10512,sad
10518,sad
10533,sad
10535,sad
10549,surprise
10624,sad
10634,surprise
10653,neutral
10676,sad
10693,angry
10715,sad
10741,sad
10774,sad
10787,sad
10902,sad
10906,sad
10916,angry
10926,sad
1093,sad
1094,sad
1101,neutral
11022,sad
11032,sad
11034,sad
11038,sad
11055,neutral
11065,sad
11098,sad
11108,sad
11130,neutral
11168,sad
11180,sad
112,surprise
11213,sad
11218,neutral
11233,neutral
11251,sad
1126,sad
11269,sad
11277,sad
11278,sad
11317,sad
11358,sad
11390,sad
11395,surprise
1142,neutral
11448,sad
11462,sad
11491,neutral
11518,sad
11560,sad
11603,sad
11654,neutral
11660,sad
11686,sad
11689,sad
11725,sad
11738,sad
11783,sad
11818,neutral
11823,neutral
11834,sad
11872,sad
11875,sad
11889,neutral
1189,sad
11913,neutral
11928,sad
11977,neutral
12042,sad
1206,sad
12090,sad
12096,neutral
12100,neutral
12106,sad
12116,sad
12117,sad
12162,sad
12173,neutral
1220,sad
12202,neutral
12215,neutral
1222,neutral
1227,sad
12272,sad
12289,surprise
12319,neutral
12361,sad
12363,angry
12366,sad
12407,neutral
12423,sad
1248,sad
12500,sad
12508,neutral
12519,sad
12569,sad
12647,sad
12801,sad
12852,neutral
12869,sad
12879,angry
12885,sad
12933,angry
12976,sad
1300,sad
13047,sad
1313,neutral
13161,neutral
13164,neutral
13188,neutral
13212,sad
13237,angry
13242,sad
1328,neutral
13337,neutral
1336,sad
1339,neutral
13409,surprise
13411,sad
13424,sad
13430,sad
13433,angry
13441,sad
13467,sad
13498,sad
135,sad
13531,neutral
13586,sad
13603,sad
13619,neutral
13633,sad
13644,neutral
13653,neutral
13670,sad
13692,neutral
13695,sad
13800,sad
13808,neutral
13825,surprise
13834,sad
13843,sad
13897,sad
13909,sad
14047,neutral
1407,neutral
1411,sad
14113,neutral
14135,sad
14154,neutral
14170,neutral
14174,sad
14175,surprise
14187,neutral
14190,sad
14224,fear
14342,sad
14352,sad
14362,sad
14406,neutral
14436,sad
14481,sad
14487,sad
14495,neutral
14496,neutral
14513,neutral
14542,neutral
14550,fear
14564,sad
14641,sad
14645,sad
14671,neutral
14703,sad
14717,sad
14741,sad
14859,sad
14867,sad
14929,neutral
1493,sad
14957,sad
14980,neutral
15007,angry
15013,sad
15044,neutral
15070,sad
15102,sad
15106,sad
15120,sad
15121,sad
15132,sad
15168,neutral
15193,sad
15207,sad
15210,neutral
15220,sad
15248,sad
15293,sad
15333,sad
15334,sad
15350,sad
15366,sad
15387,neutral
15405,sad
15441,neutral
15445,sad
15459,sad
15529,neutral
15536,neutral
15568,sad
15570,angry
15611,neutral
15634,sad
15638,sad
15651,neutral
15686,neutral
15713,sad
15716,sad
15717,sad
1572,sad
15721,sad
15824,sad
15847,sad
15890,sad
15904,sad
15932,sad
15963,sad
16019,surprise
16094,sad
16101,sad
16143,neutral
16196,sad
16257,neutral
16324,sad
16329,sad
16350,sad
16363,sad
16389,neutral
16419,neutral
16463,sad
16464,sad
16476,sad
16478,sad
16508,sad
1656,sad
16569,neutral
16570,neutral
16575,sad
16685,neutral
1669,sad
16696,sad
16714,sad
1675,sad
16817,sad
16823,neutral
1683,sad
16845,sad
1685,sad
16860,sad
1688,neutral
16890,neutral
16964,fear
16969,sad
16989,sad
17015,neutral
17018,sad
17028,surprise
17131,sad
1716,sad
17163,sad
17212,sad
17231,angry
17251,sad
17267,surprise
17273,sad
17276,sad
17295,sad
17318,sad
17345,neutral
17359,sad
1737,sad
1738,neutral
17417,sad
17424,angry
17538,sad
17555,surprise
17563,sad
17582,sad
1759,angry
17598,sad
17695,neutral
17702,sad
17790,neutral
17815,sad
17837,sad
1785,surprise
17886,sad
17973,sad
17980,sad
18035,sad
18130,sad
18168,sad
18181,sad
1819,neutral
18208,sad
18223,sad
18281,sad
18288,sad
1830,neutral
18301,sad
18312,neutral
18321,sad
18339,sad
1835,sad
18388,sad
18389,sad
18431,sad
18469,sad
18497,neutral
18545,neutral
18554,sad
18658,sad
18687,sad
18703,neutral
18708,sad
18725,sad
1874,neutral
18778,surprise
18791,sad
18803,surprise
18825,sad
18909,sad
1892,neutral
18926,neutral
1897,sad
18973,sad
18986,sad
19009,sad
19131,sad
19181,sad
19204,sad
19214,sad
19234,sad
19259,sad
19329,sad
19340,sad
19373,sad
19390,sad
19411,sad
19435,sad
19495,angry
19533,sad
19549,sad
19571,sad
19581,sad
19590,sad
19591,sad
19609,sad
19615,sad
19643,sad
1972,neutral
19793,neutral
19797,neutral
19829,neutral
19855,sad
19863,neutral
1988,sad
19953,sad
19983,sad
19993,sad
20008,sad
20019,neutral
20028,neutral
20036,surprise
201,neutral
20150,sad
20157,sad
2019,sad
20223,sad
20257,sad
20272,neutral
20274,sad
20289,sad
20360,sad
20372,sad
20416,neutral
20432,neutral
2044,sad
20514,sad
20517,sad
2053,sad
20549,sad
20588,sad
20603,neutral
20621,sad
20665,sad
20670,sad
2068,sad
20680,sad
20737,sad
20814,sad
20833,sad
20856,sad
20875,sad
20892,neutral
20893,fear
20933,sad
20948,neutral
21025,sad
21030,sad
21092,sad
21104,neutral
21150,neutral
21166,neutral
21167,surprise
21199,sad
21210,neutral
21265,neutral
21311,sad
21314,sad
2133,sad
21337,sad
21351,sad
21377,sad
21386,sad
21393,sad
21404,sad
21451,sad
21455,sad
21470,neutral
21475,sad
2149,neutral
21557,sad
2156,sad
21589,sad
21638,neutral
21658,sad
21663,neutral
21695,neutral
217,sad
2172,neutral
21730,neutral
21752,neutral
21794,neutral
21812,sad
21817,sad
21822,sad
21852,sad
21862,sad
21880,sad
21962,sad
21971,neutral
22023,sad
22028,neutral
2207,sad
22088,neutral
22091,sad
22095,neutral
22123,sad
2216,angry
2223,neutral
22267,sad
2227,sad
22292,sad
22325,neutral
22336,sad
22354,sad
22357,surprise
22403,sad
22410,sad
22442,sad
22457,angry
22482,neutral
22508,sad
22517,sad
22571,sad
22576,sad
22587,sad
22617,surprise
22627,surprise
22655,surprise
22688,sad
22691,sad
22720,sad
2273,sad
22774,sad
22787,sad
2279,sad
22820,sad
22867,sad
22886,sad
22916,angry
22924,sad
22974,sad
22987,sad
22992,neutral
23012,sad
2303,neutral
23039,sad
23057,sad
23103,sad
23119,sad
23167,sad
23172,sad
23186,sad
23204,neutral
23216,sad
23224,neutral
23244,sad
23272,neutral
23291,sad
23343,sad
23348,sad
23396,sad
23457,sad
23470,sad
23487,neutral
23565,sad
23609,surprise
23623,sad
23634,sad
23666,sad
23691,neutral
23722,neutral
23725,sad
23741,sad
23794,neutral
23858,sad
23869,neutral
23929,sad
24003,sad
24051,neutral
24065,sad
24101,neutral
24104,sad
24105,sad
24156,sad
24175,neutral
24182,sad
24187,sad
24232,sad
2427,neutral
24347,sad
24358,sad
2443,sad
24443,surprise
24531,sad
24573,sad
24575,sad
2458,sad
24725,sad
24768,neutral
24774,neutral
24779,sad
24785,sad
24798,sad
24815,sad
24820,sad
24877,sad
24912,sad
24931,sad
24962,sad
24964,sad
25007,sad
25018,neutral
25021,sad
25078,sad
25089,sad
25099,neutral
2510,sad
25151,sad
25295,sad
25318,sad
2535,sad
25372,neutral
25391,sad
25401,sad
25409,neutral
25451,sad
25497,sad
25507,sad
25520,sad
25537,sad
25573,sad
25593,sad
25615,sad
25627,sad
25635,sad
2564,neutral
25668,sad
25678,neutral
25682,sad
25685,sad
25695,neutral
25701,sad
25723,neutral
25743,sad
25773,sad
25797,sad
25800,sad
25810,sad
25818,sad
25841,sad
2588,sad
25895,sad
25915,sad
25919,neutral
25969,sad
25978,sad
25979,sad
25994,neutral
26016,sad
26023,sad
26041,angry
26049,neutral
26056,sad
26067,neutral
26069,neutral
26081,neutral
2613,sad
26134,sad
26161,neutral
26187,sad
26190,sad
26192,sad
26200,neutral
26209,sad
26223,sad
26227,sad
26237,sad
26318,neutral
26364,sad
26411,sad
26453,sad
26464,sad
26495,neutral
26539,sad
26647,sad
26654,sad
26682,sad
26715,neutral
26767,sad
2677,neutral
26771,sad
26833,neutral
26839,neutral
26851,sad
26892,sad
26901,sad
26961,neutral
2699,sad
2710,sad
27115,surprise
27190,sad
27218,sad
27229,neutral
2727,sad
27299,sad
273,sad
27306,sad
27329,sad
27405,neutral
27465,sad
2747,sad
2750,sad
2753,neutral
27533,sad
27594,sad
27597,sad
2761,surprise
27642,neutral
27646,sad
27650,sad
27683,sad
27692,neutral
27752,sad
27767,sad
27864,neutral
2792,sad
27985,sad
27995,sad
28005,neutral
28007,sad
28014,sad
28025,sad
28084,sad
28153,angry
28235,sad
28251,sad
28269,sad
28278,sad
2829,neutral
28298,sad
28359,sad
28471,sad
28478,sad
28480,sad
28493,neutral
28499,sad
28507,sad
28517,sad
28531,sad
28535,sad
28539,sad
28546,sad
28549,sad
28642,sad
28681,neutral
2871,sad
28723,neutral
28769,sad
28782,angry
28836,sad
28842,sad
28846,sad
28854,sad
28951,neutral
29009,sad
2901,sad
29099,fear
29129,sad
2914,sad
29216,sad
29246,sad
29256,neutral
29311,sad
29324,sad
29388,neutral
29403,sad
29428,neutral
29438,sad
29484,sad
29500,neutral
29505,sad
29525,sad
2953,sad
29556,neutral
29559,neutral
2957,sad
29608,neutral
29609,sad
2962,sad
29637,sad
29664,neutral
29694,sad
29758,sad
2978,neutral
29794,sad
2984,sad
29840,neutral
29848,sad
29893,sad
29916,sad
29921,sad
29944,sad
2995,fear
2998,surprise
30053,neutral
30121,sad
30167,sad
30197,sad
30220,sad
30345,neutral
30346,sad
30371,sad
30374,surprise
30422,sad
3050,sad
3051,sad
30530,sad
30543,sad
30546,sad
30581,sad
30713,sad
30786,surprise
30850,sad
30976,sad
31057,neutral
31123,sad
31132,sad
31139,sad
3115,neutral
31164,sad
31189,neutral
3123,disgust
31240,sad
31257,sad
31263,neutral
31307,sad
31332,sad
31347,sad
31371,sad
31373,sad
31478,neutral
31483,sad
31486,sad
31546,neutral
31561,sad
31591,sad
31713,surprise
3174,sad
31774,sad
31820,neutral
31869,sad
3191,sad
31949,sad
31997,sad
3204,neutral
32071,angry
32081,fear
3221,sad
32216,sad
32321,sad
32330,sad
32355,neutral
32360,sad
32371,sad
32391,sad
32443,sad
32445,sad
32467,sad
3247,sad
32479,sad
32508,sad
32516,sad
32547,neutral
32587,sad
32605,sad
32636,surprise
32671,sad
32683,sad
32730,sad
3276,sad
32778,angry
32782,sad
32792,sad
32817,sad
32855,neutral
32870,sad
32905,sad
32914,sad
32935,sad
32939,sad
32965,sad
32972,sad
32978,sad
33005,sad
33013,neutral
33022,sad
33031,neutral
33049,neutral
33052,sad
33100,sad
33124,neutral
33159,sad
33182,sad
33219,sad
33243,sad
33255,neutral
33317,sad
33346,sad
33381,sad
33399,sad
33452,neutral
33468,sad
33471,neutral
33514,sad
33526,sad
33609,sad
33642,neutral
33699,sad
33710,neutral
3375,sad
33785,angry
33794,sad
33813,sad
33819,neutral
33856,sad
33858,sad
33863,sad
33865,neutral
33870,sad
33880,neutral
33894,sad
3395,sad
33965,neutral
33999,sad
34037,surprise
3404,sad
34059,sad
34088,sad
34093,sad
34131,sad
34161,sad
34269,sad
34272,sad
34279,sad
34308,neutral
34324,sad
34335,neutral
34513,sad
34526,sad
34530,sad
34539,sad
34555,sad
34598,sad
34612,sad
34673,sad
34685,sad
34854,sad
34870,surprise
34875,sad
34920,sad
34979,sad
3502,sad
35034,sad
35075,neutral
35108,sad
35129,neutral
35183,sad
35216,neutral
35229,angry
35241,neutral
35255,neutral
35267,sad
35332,surprise
3535,surprise
35356,sad
3537,surprise
35400,sad
35408,sad
35484,sad
35546,sad
35576,neutral
35628,sad
35657,sad
3566,sad
35704,sad
3575,neutral
35754,sad
35755,neutral
35764,sad
35775,neutral
35802,sad
35852,neutral
3600,sad
3610,sad
3700,sad
3729,sad
3792,neutral
3795,sad
3899,sad
3909,sad
3929,surprise
3932,neutral
3953,neutral
3986,sad
405,sad
4062,sad
4124,sad
4137,sad
4194,surprise
4223,sad
4242,sad
4314,fear
4328,sad
4339,sad
4372,neutral
4380,neutral
4394,neutral
44,neutral
4443,sad
4449,sad
449,neutral
4552,sad
4553,surprise
4563,sad
4573,sad
4574,sad
4672,sad
4748,sad
4752,angry
4770,sad
4777,angry
4802,sad
4825,neutral
4829,sad
4868,sad
4870,neutral
4883,neutral
4888,sad
4935,neutral
4953,sad
4998,sad
5046,sad
5053,sad
5073,sad
508,sad
5087,sad
5110,sad
5116,sad
5170,sad
5186,sad
5258,sad
5267,sad
5323,angry
5345,neutral
5361,sad
5385,sad
541,neutral
542,neutral
5444,neutral
5446,sad
5449,neutral
547,neutral
551,sad
5527,sad
5536,sad
5549,sad
5561,sad
5591,sad
5651,neutral
5687,neutral
5695,sad
5708,sad
5713,surprise
5715,sad
5724,sad
5748,sad
5749,sad
5784,sad
5792,sad
5811,sad
5831,neutral
584,sad
5853,sad
5865,sad
5912,neutral
5931,sad
5953,sad
596,angry
5976,sad
5984,sad
60,sad
601,sad
6078,sad
6103,sad
615,sad
6158,sad
6180,sad
6193,sad
6236,surprise
6343,neutral
6351,sad
6388,sad
6397,sad
6412,sad
644,sad
649,sad
6502,sad
651,sad
6527,sad
6599,sad
662,neutral
6664,sad
6710,sad
673,sad
6813,sad
6836,sad
6842,sad
6869,neutral
6891,sad
6934,sad
7008,sad
7009,sad
7077,sad
7092,sad
7110,sad
7131,sad
7198,sad
7220,neutral
7239,neutral
7254,sad
7273,sad
7274,sad
7348,sad
7361,sad
7376,neutral
7398,sad
7462,sad
7466,sad
7490,sad
7551,neutral
7571,sad
7588,sad
7599,neutral
7630,surprise
766,sad
767,sad
7717,sad
7755,sad
7765,sad
7772,sad
7773,sad
7788,sad
7823,sad
7831,sad
7871,surprise
7903,sad
7932,neutral
7953,sad
8003,sad
8054,neutral
8076,sad
8083,sad
8105,neutral
8141,neutral
8179,sad
8211,sad
8216,sad
8233,neutral
8247,sad
8262,neutral
8264,sad
8280,sad
8295,sad
8347,neutral
8352,sad
8373,sad
838,neutral
8389,sad
8392,sad
841,neutral
8410,neutral
8471,sad
8483,neutral
8498,sad
8516,sad
8536,surprise
855,sad
8599,surprise
8687,neutral
8694,neutral
8724,surprise
8763,sad
8768,angry
8782,sad
8788,neutral
8802,neutral
8842,sad
8862,sad
8863,sad
8868,sad
8880,sad
891,sad
8919,sad
8946,sad
8976,sad
8980,sad
9011,neutral
9016,neutral
9046,sad
9050,sad
9069,neutral
9099,sad
9128,sad
913,angry
9149,neutral
917,sad
9170,sad
9209,sad
9221,sad
9235,sad
9252,sad
9273,fear
9276,sad
9288,sad
9292,sad
9324,sad
9335,sad
9355,sad
9356,sad
9360,sad
9381,sad
9415,neutral
9420,sad
9434,sad
9453,sad
9473,sad
9477,surprise
9507,sad
9543,sad
9611,sad
9701,angry
9712,sad
9718,sad
9773,sad
9803,sad
9838,angry
9867,sad
9874,neutral
9936,neutral
9975,sad
9982,sad
9993,sad
10004,sad
1003,sad
10031,sad
10073,sad
10114,angry
10116,sad
10171,surprise
10172,sad
10176,neutral
1022,sad
10252,sad
1026,sad
10339,sad
10352,neutral
10375,sad
10383,sad
10386,sad
10423,sad
10425,sad
10455,neutral
10561,sad
10607,angry
10620,sad
10655,neutral
10686,sad
10694,neutral
10713,sad
10769,sad
1078,sad
10871,sad
10881,sad
10919,sad
11025,sad
11026,sad
11031,sad
11100,sad
11138,sad
11140,sad
11163,sad
11192,sad
11209,sad
11234,sad
11241,neutral
11264,sad
11280,sad
11284,sad
11295,sad
11316,sad
11346,sad
11398,sad
1148,sad
115,sad
11523,sad
1156,surprise
11581,sad
11582,sad
11601,sad
11626,sad
11640,sad
11662,neutral
11722,sad
1173,neutral
11746,sad
11790,sad
11794,sad
11836,sad
11867,sad
11876,sad
11880,sad
11891,sad
11909,sad
11966,sad
11978,sad
1198,sad
12040,sad
12074,sad
12092,sad
12113,sad
12119,sad
12190,sad
12246,neutral
12267,sad
12318,sad
12364,sad
12498,sad
12512,sad
12524,sad
12547,neutral
12591,sad
12594,sad
12621,sad
1264,surprise
12648,sad
12659,sad
12661,sad
12702,angry
12758,sad
12791,sad
12818,neutral
12827,sad
12899,sad
12958,sad
1298,neutral
13000,neutral
13027,sad
13051,neutral
13091,sad
13150,sad
13162,sad
13180,sad
13187,sad
13293,angry
13296,sad
13339,sad
13380,sad
13421,sad
13483,sad
13488,sad
13505,neutral
13510,sad
1353,sad
13562,sad
13575,sad
13598,angry
13631,sad
1364,sad
13666,sad
13714,sad
13726,sad
13793,sad
13801,sad
13812,sad
13852,sad
13870,sad
13888,sad
13907,sad
13940,sad
13979,sad
13983,neutral
14048,sad
14070,neutral
14106,sad
14122,sad
14127,angry
14136,sad
1420,sad
14208,angry
14226,sad
14250,sad
14346,sad
14384,sad
14388,sad
14459,sad
14464,neutral
14472,sad
14474,sad
14484,surprise
14494,sad
14505,sad
14522,sad
14524,sad
14561,sad
14572,sad
14574,sad
14578,sad
14682,sad
14696,sad
14729,sad
1482,sad
14835,sad
14836,sad
15052,neutral
15078,sad
15090,sad
15129,sad
15145,sad
15167,neutral
15169,fear
15192,sad
15208,sad
15289,sad
15294,sad
1536,sad
15365,sad
15373,sad
15436,sad
15447,sad
15462,surprise
15468,sad
15484,neutral
1549,neutral
15534,neutral
15535,sad
15565,sad
15580,sad
15592,sad
1560,neutral
15613,sad
15642,angry
15657,sad
15696,sad
15697,sad
15795,sad
15867,sad
15909,sad
15929,neutral
16003,sad
16010,neutral
16053,sad
16056,sad
16075,sad
16087,sad
16125,sad
16151,neutral
16208,neutral
16304,sad
16338,sad
16387,sad
16388,sad
16405,sad
16443,sad
1645,sad
16475,sad
16535,sad
16558,sad
16645,sad
16706,sad
16710,sad
16776,sad
1678,sad
16787,neutral
16798,sad
16821,sad
16837,neutral
16839,sad
16863,sad
16895,sad
16938,sad
16962,sad
16985,sad
17003,neutral
17011,sad
17100,sad
17128,sad
172,sad
17206,sad
17215,sad
17237,neutral
17248,neutral
17257,sad
17275,sad
17279,sad
17293,sad
17297,sad
17331,neutral
17341,neutral
17363,neutral
17426,sad
17432,sad
1751,sad
17518,sad
17597,sad
17607,sad
17625,sad
17662,sad
17666,sad
17678,sad
17713,sad
17717,sad
1772,neutral
17730,sad
17746,sad
17763,sad
17767,sad
17775,sad
1778,sad
17784,neutral
17794,sad
17887,sad
17912,neutral
18047,sad
18067,sad
18101,angry
18120,sad
18180,surprise
18193,sad
18260,sad
18270,neutral
18300,sad
18345,sad
18349,neutral
18361,sad
18367,sad
18381,sad
18457,sad
18475,sad
1854,sad
18550,sad
18573,neutral
18610,sad
18732,neutral
18734,sad
18842,sad
18855,sad
18872,sad
18888,sad
18897,neutral
1891,neutral
18914,sad
18927,sad
1896,sad
18962,sad
19029,sad
19049,sad
19082,sad
19084,neutral
19095,sad
19145,sad
19165,neutral
19179,fear
1926,sad
19274,sad
19285,neutral
19303,sad
1931,sad
19364,sad
1937,sad
19384,sad
19422,sad
19461,sad
19470,neutral
19486,sad
19531,sad
19535,sad
19578,sad
19607,sad
19663,sad
19674,sad
1973,neutral
19731,neutral
19785,sad
19799,sad
19861,sad
19864,sad
19880,sad
19893,sad
19934,sad
19969,sad
19973,sad
19975,sad
20,sad
20072,sad
20073,sad
20104,neutral
20171,sad
20192,sad
20193,neutral
20217,sad
20301,sad
20313,sad
2039,sad
20395,sad
20400,sad
20468,sad
20469,sad
20511,sad
20560,neutral
20563,sad
20589,sad
20650,sad
20656,sad
20667,sad
20750,neutral
2084,sad
20908,sad
2091,sad
20964,sad
20979,sad
21005,sad
21029,neutral
21036,surprise
21078,sad
21082,sad
21201,neutral
21221,sad
21249,sad
21275,sad
21282,sad
21312,sad
21324,sad
21428,sad
21434,surprise
21531,sad
21535,sad
21549,neutral
2157,sad
21632,sad
21666,sad
21681,sad
21715,sad
21720,sad
2176,neutral
21766,sad
21769,sad
21968,neutral
21978,sad
21988,sad
22004,sad
22032,sad
22051,sad
22067,sad
22117,sad
22241,sad
22255,neutral
22271,sad
22319,sad
22335,sad
2238,neutral
2239,neutral
22390,sad
22416,sad
22419,sad
22448,angry
22449,neutral
22452,sad
22521,sad
2256,sad
22602,sad
22619,neutral
22631,sad
22651,sad
22690,sad
22704,neutral
22761,sad
22765,angry
22766,sad
2278,sad
22808,sad
22816,neutral
22937,sad
22961,sad
22977,sad
22989,sad
23054,sad
23060,neutral
231,sad
2312,sad
23220,sad
23297,sad
23304,sad
23341,surprise
23374,sad
23407,sad
23430,sad
23452,sad
23471,sad
23483,sad
23507,sad
23542,sad
23549,sad
23562,sad
23584,fear
23601,sad
23654,sad
23658,sad
2367,angry
23675,sad
23700,sad
23715,sad
23748,sad
23760,sad
23764,sad
23779,sad
23781,sad
23792,fear
23817,sad
23829,neutral
23832,sad
23853,sad
23884,sad
23901,sad
23905,sad
23915,sad
23945,sad
23948,neutral
23965,sad
23968,sad
23978,sad
23991,sad
24013,neutral
24057,sad
24066,sad
24087,sad
2412,sad
24133,sad
24160,sad
24168,sad
24173,sad
2418,sad
24183,sad
24217,angry
24239,sad
24247,sad
2431,sad
24329,sad
24363,sad
24384,surprise
24420,sad
24421,sad
24460,sad
24473,sad
2451,sad
24543,surprise
24545,sad
24582,sad
24643,sad
24664,sad
24736,sad
2476,sad
2478,sad
2485,sad
24881,sad
24909,sad
24916,sad
2496,sad
2499,sad
2502,sad
25025,sad
25055,sad
25087,neutral
25117,sad
25126,sad
25211,neutral
25231,neutral
25240,sad
25250,sad
25281,sad
2530,sad
2533,neutral
25330,sad
25348,sad
25351,sad
25356,sad
25379,sad
25381,sad
2539,sad
25410,angry
25412,sad
25425,sad
2546,sad
25510,sad
25529,sad
25576,sad
25582,sad
25597,neutral
25632,sad
25643,sad
2565,sad
25819,sad
25832,sad
25843,sad
25920,neutral
25961,sad
25983,sad
25985,surprise
26005,sad
26006,sad
26040,sad
26079,sad
2615,sad
26198,sad
26249,sad
26269,sad
26270,sad
26292,fear
26304,neutral
26313,neutral
26321,sad
2633,sad
26339,neutral
26346,neutral
2635,sad
26355,sad
26368,sad
26378,surprise
26398,sad
26404,neutral
26443,sad
26484,neutral
26501,sad
26543,neutral
26566,sad
26573,sad
26581,sad
26586,sad
26600,sad
26612,neutral
26670,sad
26675,sad
26683,sad
26702,sad
26747,sad
26772,sad
26834,neutral
2690,sad
26959,sad
26970,neutral
27005,sad
27027,sad
27035,sad
27052,neutral
27117,sad
27124,sad
27258,sad
27292,sad
27305,sad
27350,sad
27400,sad
27410,sad
27450,surprise
27461,sad
27471,sad
2748,neutral
2751,sad
27518,sad
27522,sad
27561,sad
27562,neutral
27576,sad
27585,surprise
27588,sad
27629,neutral
27681,neutral
27694,sad
27719,sad
27759,sad
27776,sad
27788,sad
27810,sad
2785,sad
27873,sad
2788,sad
27887,surprise
27913,neutral
27948,angry
27993,sad
28053,sad
28073,sad
28091,sad
28100,neutral
28137,sad
28143,sad
28171,sad
28230,sad
28252,sad
28272,sad
28294,sad
28296,sad
28396,sad
28424,sad
28426,sad
28465,sad
28552,sad
28555,sad
28568,sad
28596,sad
28696,sad
28700,sad
28794,sad
28895,sad
28966,sad
2902,sad
29058,sad
29082,sad
29112,sad
29121,sad
29150,neutral
29194,sad
29226,sad
29243,sad
29295,sad
29298,angry
29305,sad
29318,sad
29322,neutral
2934,neutral
29379,neutral
29383,sad
2945,sad
2950,neutral
29529,sad
29553,sad
29561,sad
29580,sad
29585,sad
29617,sad
29622,sad
29627,sad
29628,sad
29632,sad
29652,sad
29692,sad
29703,sad
29756,sad
29757,sad
29792,neutral
29819,sad
29835,neutral
29875,neutral
29897,sad
29936,sad
29937,sad
29941,neutral
29970,sad
29973,sad
29998,sad
30001,sad
30035,sad
30045,sad
30056,sad
3007,neutral
30080,neutral
30094,neutral
30104,sad
30118,sad
3012,sad
30144,sad
30170,neutral
30181,sad
30219,sad
30251,sad
30274,sad
30289,sad
30292,sad
30326,sad
30331,sad
30358,sad
30377,sad
30410,sad
30439,sad
30440,sad
30462,neutral
30541,neutral
30552,sad
3056,sad
30565,sad
3059,sad
30611,sad
3075,sad
30763,sad
30789,sad
30817,sad
30818,sad
30853,neutral
30867,sad
3088,sad
3094,neutral
31009,sad
31068,sad
31072,neutral
31099,sad
31104,neutral
31113,sad
31149,sad
3118,sad
312,sad
31248,sad
31265,sad
31328,sad
31367,sad
3139,sad
31390,sad
31409,sad
31424,surprise
31506,sad
31510,neutral
31527,sad
31534,neutral
31634,neutral
31643,sad
31653,sad
31663,sad
31665,sad
31669,surprise
3169,neutral
31712,sad
31720,sad
31836,sad
31857,sad
3187,sad
32005,sad
32029,sad
3206,neutral
32139,sad
32175,sad
32183,sad
32189,neutral
32202,sad
32268,sad
32296,sad
32297,sad
3235,sad
32383,sad
32394,sad
32422,sad
32565,sad
32580,sad
32582,neutral
32613,sad
3263,sad
32711,sad
32744,sad
32768,sad
32814,sad
32818,neutral
32836,sad
32843,sad
32859,sad
32861,surprise
32898,sad
32903,sad
32911,angry
32932,neutral
32982,sad
33089,sad
33152,sad
33213,sad
33227,sad
33247,sad
33276,surprise
33295,neutral
33302,sad
33331,sad
33371,sad
33373,neutral
33421,sad
33492,sad
33516,sad
33523,neutral
33538,sad
33628,sad
33636,sad
33640,sad
33686,sad
33691,neutral
33693,sad
33736,sad
33747,surprise
3378,sad
33780,sad
33786,sad
3382,sad
33820,sad
33936,sad
33962,angry
33988,sad
3403,sad
34070,sad
34121,sad
34176,sad
34195,sad
34205,angry
34242,sad
34250,sad
3433,sad
34387,sad
34408,sad
34413,neutral
34427,neutral
34477,sad
34509,angry
34533,neutral
34605,neutral
34610,sad
34629,sad
34633,sad
34679,sad
34694,sad
3477,sad
34788,sad
34798,surprise
34799,sad
34820,sad
34827,sad
34905,angry
34913,sad
34917,sad
3492,neutral
34945,sad
34985,sad
34988,sad
34991,sad
350,sad
35030,surprise
35039,sad
35043,sad
35058,sad
3506,sad
3508,sad
35116,sad
35131,sad
35148,sad
3518,sad
35192,sad
35214,surprise
35297,sad
35318,neutral
35375,neutral
35386,neutral
35411,sad
3546,sad
35528,neutral
35567,surprise
35605,sad
35615,sad
35639,sad
35691,sad
35737,neutral
35768,sad
35812,sad
35873,sad
359,sad
3634,sad
3653,sad
3661,neutral
3731,sad
3767,sad
3825,neutral
3855,neutral
3869,neutral
3922,sad
3951,sad
3972,sad
3988,sad
4130,sad
4207,sad
422,sad
4233,sad
4274,sad
4381,surprise
4389,sad
4412,sad
4415,sad
4441,sad
4482,fear
4534,sad
4572,sad
4594,surprise
4596,sad
4615,sad
4624,neutral
4697,angry
4714,sad
4734,sad
4736,neutral
4764,sad
4771,sad
4811,fear
4860,sad
4940,sad
4951,sad
4958,sad
4987,fear
5004,sad
505,sad
5055,sad
5056,sad
5058,sad
5061,sad
5100,neutral
5101,sad
5107,sad
5147,sad
5166,sad
5177,sad
5224,sad
5229,neutral
5374,neutral
5435,sad
5466,sad
5560,neutral
5629,neutral
5642,sad
5689,sad
5710,sad
580,sad
5836,surprise
5910,sad
5995,angry
6025,sad
6033,sad
6109,sad
6137,sad
6149,sad
6187,sad
6215,sad
6265,sad
6304,sad
6312,sad
6353,sad
6400,sad
6449,sad
6459,sad
6467,sad
6492,sad
6521,neutral
6529,sad
6551,neutral
6557,sad
6563,sad
6645,sad
6660,sad
6720,sad
6735,sad
6771,sad
680,neutral
6833,sad
6860,sad
688,angry
6897,sad
6901,sad
6904,sad
6915,sad
6930,neutral
6957,sad
6960,sad
6964,sad
70,sad
7030,sad
7037,neutral
7039,sad
7119,sad
7121,sad
7165,sad
7232,sad
7253,sad
7268,sad
7275,sad
7287,neutral
7301,sad
7337,sad
7371,surprise
7400,sad
7406,sad
7430,sad
7475,sad
7502,angry
7536,sad
7566,sad
7569,sad
761,sad
7618,sad
7623,sad
7675,sad
7679,sad
7724,sad
7776,sad
7806,sad
7848,sad
7877,angry
7878,neutral
7943,sad
7962,sad
7963,sad
7976,sad
798,neutral
800,neutral
8039,sad
8056,sad
8098,sad
8099,neutral
8102,neutral
8146,neutral
8164,sad
8197,sad
8203,neutral
822,neutral
8223,sad
8238,sad
8252,sad
8266,neutral
8333,sad
8390,sad
8430,sad
8525,sad
8580,neutral
8614,neutral
8639,sad
8659,sad
8702,sad
8718,sad
8738,sad
8761,neutral
8814,neutral
8834,sad
8851,sad
8876,sad
8892,sad
8925,sad
8953,sad
8955,sad
8958,sad
9006,neutral
9028,sad
9066,sad
9073,sad
9082,sad
9087,sad
9119,sad
9142,neutral
9171,sad
9219,sad
922,sad
9238,fear
9267,neutral
9327,sad
9338,neutral
9387,sad
9405,sad
9454,sad
9457,angry
9459,sad
9463,sad
9465,sad
9498,sad
9508,neutral
9548,sad
9689,neutral
9693,sad
9713,sad
9769,sad
977,sad
98,neutral
9841,sad
9864,sad
987,sad
9885,sad
9889,neutral
9923,sad
10056,sad
10097,sad
10162,neutral
10185,surprise
10246,sad
10259,surprise
10268,surprise
10306,surprise
1033,sad
10365,neutral
10372,angry
10444,sad
10545,fear
10625,neutral
10701,neutral
10734,sad
10755,sad
10768,surprise
10800,sad
10813,neutral
10820,sad
10837,neutral
10866,sad
10909,fear
10931,neutral
10950,neutral
11000,sad
11043,sad
1107,sad
11126,sad
11139,neutral
1118,sad
11302,neutral
11414,neutral
11418,surprise
11429,sad
11451,neutral
11466,sad
11589,surprise
11670,neutral
11721,neutral
1176,neutral
11786,sad
11848,sad
11865,sad
11902,sad
12086,sad
12107,sad
12131,neutral
12134,neutral
12312,sad
12320,sad
12338,sad
1239,neutral
12463,sad
12470,neutral
1249,sad
12504,angry
12529,sad
12551,sad
12567,neutral
12626,surprise
12684,sad
12723,neutral
12748,neutral
12768,neutral
12903,sad
12924,surprise
12960,neutral
12973,angry
13009,sad
13080,neutral
13101,neutral
13145,sad
13169,sad
13203,sad
13205,sad
13230,neutral
13288,surprise
13460,neutral
13521,neutral
13622,sad
13684,sad
13740,sad
1376,neutral
13837,angry
13876,sad
14080,sad
14091,sad
14115,neutral
14305,sad
14331,sad
14375,angry
1449,angry
1457,sad
14647,neutral
14691,neutral
14697,neutral
14798,surprise
14914,neutral
14927,sad
14968,neutral
15008,neutral
15034,neutral
15037,sad
15047,sad
15101,neutral
1515,neutral
15179,sad
15238,neutral
15244,neutral
15263,neutral
15354,neutral
15378,sad
15383,sad
15416,neutral
15454,neutral
15467,neutral
15486,fear
15487,neutral
15518,surprise
15524,neutral
15527,neutral
15533,surprise
15628,surprise
15635,sad
15788,sad
15802,surprise
1583,sad
15922,neutral
15944,sad
16110,sad
16133,neutral
16172,sad
16229,surprise
16237,surprise
16280,surprise
16396,angry
16415,sad
16441,sad
16507,sad
16530,angry
16646,neutral
16666,angry
16721,neutral
16756,fear
16774,sad
16829,neutral
16886,sad
16901,surprise
16947,surprise
16959,neutral
16980,neutral
16995,sad
17016,neutral
17019,sad
17027,surprise
17044,neutral
1710,sad
17137,neutral
17148,angry
17157,sad
17161,surprise
17177,angry
17205,neutral
17245,surprise
17290,angry
17309,surprise
1735,sad
17350,surprise
17422,sad
17429,sad
17433,neutral
1750,sad
176,sad
17610,surprise
1764,sad
17693,neutral
17845,neutral
17906,neutral
17919,neutral
17952,surprise
1800,neutral
18026,angry
18038,sad
18132,neutral
18198,sad
18285,neutral
18313,neutral
18393,sad
18436,sad
18521,sad
18555,neutral
18577,neutral
18613,neutral
18615,neutral
18619,sad
18631,sad
1864,surprise
18678,surprise
18706,surprise
18742,sad
18862,angry
18864,surprise
19051,surprise
1911,surprise
1914,sad
19142,neutral
19177,angry
19187,sad
19267,sad
19314,surprise
19362,neutral
19389,surprise
19431,neutral
1945,sad
1952,neutral
19594,neutral
19601,neutral
19650,angry
19665,surprise
19720,sad
19755,sad
19795,neutral
1992,neutral
19972,neutral
20041,sad
20146,neutral
20148,sad
20162,surprise
20167,sad
20262,neutral
20293,angry
20369,neutral
20373,neutral
20387,neutral
20407,neutral
20467,neutral
20573,sad
20584,angry
20594,neutral
20664,neutral
20691,sad
20786,neutral
20855,sad
20882,angry
2090,sad
20935,sad
20947,sad
20967,fear
20989,neutral
21044,neutral
21072,sad
21074,surprise
2114,neutral
21148,angry
21151,sad
21153,surprise
21154,surprise
2119,neutral
21217,sad
21233,angry
21239,angry
21299,fear
21417,surprise
2146,sad
21461,surprise
21468,sad
21545,surprise
21570,neutral
21578,sad
21587,sad
2168,surprise
2173,neutral
21807,neutral
21824,neutral
21834,surprise
21887,neutral
21896,surprise
21906,neutral
2195,sad
21973,neutral
21987,neutral
2200,sad
22019,fear
22025,neutral
22128,surprise
22131,sad
22278,sad
2228,neutral
22305,neutral
22322,surprise
2234,surprise
22372,neutral
22497,sad
22509,sad
22525,sad
22666,sad
22741,sad
22771,sad
22864,sad
22921,neutral
23053,surprise
23151,sad
23155,neutral
23328,neutral
23346,neutral
23386,sad
23413,sad
23433,neutral
23661,sad
23662,neutral
23739,neutral
23747,sad
23751,surprise
23885,sad
23893,neutral
23917,neutral
23941,surprise
23943,sad
23949,neutral
24022,sad
24031,sad
24046,sad
24050,sad
24143,sad
24163,sad
24167,surprise
24174,sad
24179,sad
24201,sad
24291,sad
24404,fear
24411,angry
24415,angry
24432,angry
24433,sad
2448,sad
24557,sad
2461,neutral
24646,neutral
24668,sad
24756,sad
24893,sad
24904,sad
24921,sad
25010,sad
25036,sad
25044,sad
25107,sad
25143,angry
25188,sad
25229,sad
25234,sad
25280,sad
2529,sad
25319,neutral
25390,sad
25397,neutral
25402,surprise
25416,surprise
25492,neutral
25539,surprise
25563,sad
25571,angry
256,surprise
25610,surprise
25636,sad
25674,sad
25687,sad
25709,neutral
25742,surprise
25781,surprise
25808,sad
25906,surprise
25959,angry
26076,fear
26087,sad
26101,sad
26102,sad
26133,sad
2619,sad
26243,neutral
2634,neutral
26452,sad
26455,surprise
26483,angry
26487,neutral
26500,sad
26556,sad
26626,sad
26708,sad
26800,surprise
26825,sad
26907,neutral
26910,neutral
26914,sad
26944,neutral
27025,surprise
27039,neutral
27070,sad
27125,neutral
27165,neutral
27174,sad
27193,sad
27240,surprise
27270,angry
27273,neutral
27321,neutral
27325,sad
27328,neutral
2744,surprise
27566,neutral
27577,neutral
2758,sad
27586,sad
2759,fear
276,surprise
27696,angry
27737,sad
27756,surprise
27774,angry
27803,sad
27916,neutral
27919,sad
27926,sad
27933,neutral
27973,angry
27979,sad
2803,sad
28076,neutral
28082,sad
28130,angry
28182,surprise
28219,sad
28236,sad
28287,neutral
28328,surprise
28335,surprise
28342,sad
2835,neutral
2837,angry
28370,sad
28421,sad
28441,sad
28448,sad
28476,neutral
28482,sad
28501,neutral
28525,sad
28639,sad
28653,surprise
28666,neutral
28667,surprise
28727,fear
28803,sad
2886,sad
28864,surprise
28901,neutral
29038,surprise
29110,neutral
29118,sad
29164,surprise
29205,neutral
29225,angry
29276,sad
29283,sad
29354,sad
2949,sad
29515,sad
29516,sad
29537,surprise
29540,neutral
29542,sad
29551,neutral
29557,sad
2956,sad
29568,sad
29618,neutral
29619,sad
29677,sad
29690,angry
29796,neutral
29797,sad
29803,sad
29884,sad
29954,neutral
3002,neutral
30173,sad
30174,surprise
30184,sad
30190,neutral
30336,neutral
30537,surprise
30620,neutral
30625,surprise
30628,surprise
30714,neutral
30726,sad
30811,neutral
3084,sad
30943,surprise
30989,neutral
31005,sad
31054,angry
31097,sad
31102,neutral
31194,sad
31198,sad
31206,sad
31223,fear
31353,angry
31364,neutral
31533,neutral
31563,neutral
3157,sad
31631,surprise
31662,neutral
31775,surprise
31781,neutral
31784,surprise
31799,sad
31814,sad
31826,angry
31872,neutral
31882,neutral
31899,angry
31953,sad
31961,neutral
32069,surprise
32132,neutral
32165,neutral
32179,sad
3223,surprise
3224,neutral
32243,sad
32308,surprise
32315,neutral
32324,surprise
32334,sad
32365,neutral
32395,angry
32405,fear
32420,sad
32432,angry
32510,sad
32530,neutral
32630,sad
32695,sad
32727,neutral
32734,sad
32753,neutral
32756,neutral
32894,neutral
32968,neutral
32979,sad
330,neutral
33039,sad
33055,neutral
33072,neutral
33079,angry
33147,angry
33180,sad
33290,angry
33316,sad
33329,neutral
33364,sad
33376,neutral
33378,neutral
33405,sad
33411,angry
3354,sad
336,neutral
33667,neutral
33677,neutral
33745,neutral
33759,angry
33789,neutral
33800,sad
33879,surprise
3392,neutral
33993,angry
33997,sad
34004,sad
34034,sad
34039,fear
34072,sad
34087,surprise
34134,angry
34162,neutral
34212,sad
3423,surprise
34237,sad
34252,sad
34288,sad
34385,sad
34400,sad
34416,surprise
34439,sad
3445,sad
34546,surprise
34557,neutral
34664,angry
34674,surprise
34722,angry
34787,sad
34813,neutral
34844,sad
34904,sad
34926,sad
34984,angry
34986,sad
35049,fear
35063,sad
35083,sad
35084,neutral
35118,angry
35121,surprise
35144,sad
35154,surprise
35156,sad
35194,neutral
35201,sad
35212,sad
35237,surprise
35276,surprise
35355,sad
35384,neutral
35387,surprise
35399,sad
35511,sad
35524,surprise
35530,angry
35608,sad
35644,surprise
35684,sad
35688,surprise
35757,neutral
35790,angry
35823,sad
35833,neutral
35857,neutral
35872,sad
3603,sad
3607,sad
3635,surprise
3675,sad
3691,sad
3756,sad
3765,surprise
3858,neutral
3874,neutral
3878,sad
3925,sad
4036,neutral
4072,sad
4076,neutral
4080,sad
4086,surprise
413,neutral
4199,sad
4243,neutral
4289,sad
4347,sad
435,angry
4352,sad
438,neutral
4390,neutral
4431,angry
4486,sad
4513,surprise
4536,neutral
4570,sad
4621,neutral
4636,surprise
4657,sad
4685,angry
4698,neutral
4793,sad
4895,angry
4912,sad
5037,surprise
5077,angry
51,sad
5138,neutral
5178,neutral
518,sad
5310,angry
5375,sad
5419,sad
5450,sad
5513,angry
5530,neutral
5595,surprise
5636,sad
5664,surprise
5706,neutral
5771,sad
5778,sad
5855,sad
5893,sad
5938,sad
5943,sad
5997,sad
6046,surprise
6050,neutral
6167,fear
6184,sad
6216,neutral
6219,fear
6247,angry
6309,sad
6360,fear
6410,sad
6415,neutral
6425,neutral
6427,sad
647,sad
6518,angry
6598,surprise
6647,neutral
670,neutral
6711,neutral
6716,surprise
675,surprise
6797,neutral
6877,neutral
692,neutral
6966,sad
7024,neutral
7032,neutral
7153,sad
7203,angry
7211,angry
726,sad
7459,surprise
7512,neutral
7562,surprise
7582,surprise
759,neutral
7626,sad
7761,neutral
7774,sad
78,neutral
783,sad
7865,neutral
7874,neutral
788,sad
7926,neutral
7957,surprise
8016,surprise
8021,sad
8042,sad
8063,fear
8115,sad
8137,sad
8143,neutral
8173,neutral
8240,surprise
8309,sad
8329,neutral
8404,sad
8421,neutral
843,neutral
8439,neutral
8478,neutral
8489,surprise
867,sad
8736,sad
8837,sad
8928,sad
8973,surprise
9017,surprise
9021,neutral
9118,sad
9141,sad
9162,neutral
9309,fear
9367,sad
9380,angry
9450,sad
9467,sad
947,surprise
9499,sad
9541,neutral
9546,sad
9560,sad
9630,neutral
9644,sad
9681,sad
9776,sad
9786,sad
9806,angry
9830,sad
9853,sad
9878,neutral
993,neutral
